FILENAME,TABLENAME,PVO_NAME,BICC_BATCH_NAME,CLUSTER_FIELDS,PARTITION_BY_TIME,PARTITION_BY_INTEGER,PK_TABLE,INC_TABLE,IEI_TABLE
file_fscmtopmodelam_finextractam_glbiccextractam_journallineextractpvo,FSCM_FIN_GL_JOURNAL_LINE_EXTRACT,fscmtopmodelam.finextractam.glbiccextractam.journallineextractpvo,FSC-LONG2,,,,PK_FSCM_FIN_GL_JOURNAL_LINE_EXTRACT,INC_FSCM_FIN_GL_JOURNAL_LINE_EXTRACT,IEI_FSCM_FIN_GL_JOURNAL_LINE_EXTRACT
file_fscmtopmodelam_finextractam_xlabiccextractam_subledgerjournaldistributionextractpvo,FSCM_FIN_XLA_SUBLEDGER_JOURNAL_DISTRIBUTION_EXTRACT,fscmtopmodelam.finextractam.xlabiccextractam.subledgerjournaldistributionextractpvo,SLDG-FULL,,,,PK_FSCM_FIN_XLA_SUBLEDGER_JOURNAL_DISTRIBUTION_EXTRACT,INC_FSCM_FIN_XLA_SUBLEDGER_JOURNAL_DISTRIBUTION_EXTRACT,IEI_FSCM_FIN_XLA_SUBLEDGER_JOURNAL_DISTRIBUTION_EXTRACT
file_fscmtopmodelam_finextractam_xlabiccextractam_subledgerjournalheaderextractpvo,FSCM_FIN_XLA_SUBLEDGER_JOURNAL_HEADER_EXTRACT,fscmtopmodelam.finextractam.xlabiccextractam.subledgerjournalheaderextractpvo,FSC-LONG4,,,,PK_FSCM_FIN_XLA_SUBLEDGER_JOURNAL_HEADER_EXTRACT,INC_FSCM_FIN_XLA_SUBLEDGER_JOURNAL_HEADER_EXTRACT,IEI_FSCM_FIN_XLA_SUBLEDGER_JOURNAL_HEADER_EXTRACT
file_fscmtopmodelam_prjextractam_pjcbiccextractam_projectcostdistributionextractpvo,FSCM_PRJ_PJC_PROJECT_COST_DISTRIBUTION_EXTRACT,fscmtopmodelam.prjextractam.pjcbiccextractam.projectcostdistributionextractpvo,FSC-LONG6,,,,PK_FSCM_PRJ_PJC_PROJECT_COST_DISTRIBUTION_EXTRACT,INC_FSCM_PRJ_PJC_PROJECT_COST_DISTRIBUTION_EXTRACT,IEI_FSCM_PRJ_PJC_PROJECT_COST_DISTRIBUTION_EXTRACT
file_fscmtopmodelam_prjextractam_pjbbiccextractam_revenuedistributionextractpvo,FSCM_PRJ_REVENUE_DISTRIBUTION_EXTRACT,fscmtopmodelam.prjextractam.pjbbiccextractam.revenuedistributionextractpvo,FSC-FULL,,,,PK_FSCM_PRJ_REVENUE_DISTRIBUTION_EXTRACT,INC_FSCM_PRJ_REVENUE_DISTRIBUTION_EXTRACT,IEI_FSCM_PRJ_REVENUE_DISTRIBUTION_EXTRACT
file_fscmtopmodelam_finextractam_xlabiccextractam_subledgermappingsetvalueextractpvo,FSCM_XLA_SUBLEDGER_MAPPING_SET_VALUE_EXTRACT,fscmtopmodelam.finextractam.xlabiccextractam.subledgermappingsetvalueextractpvo,FSC-FULL,,,,PK_FSCM_XLA_SUBLEDGER_MAPPING_SET_VALUE_EXTRACT,INC_FSCM_XLA_SUBLEDGER_MAPPING_SET_VALUE_EXTRACT,IEI_FSCM_XLA_SUBLEDGER_MAPPING_SET_VALUE_EXTRACT
file_fscmtopmodelam_revenuedistributionam_revenuedistributionpvo,FSCM_REVENUE_DISTRIBUTION,fscmtopmodelam.revenuedistributionam.revenuedistributionpvo,FSC-FULL,,,,PK_FSCM_REVENUE_DISTRIBUTION,INC_FSCM_REVENUE_DISTRIBUTION,IEI_FSCM_REVENUE_DISTRIBUTION
file_fscmtopmodelam_accountbiam_flex_bi_account_vi,FSCM_ACCOUNTBI_FLEX_BI_ACCOUNT_VI,fscmtopmodelam.accountbiam.flex_bi_account_vi,FSC-FULL,,,,PK_FSCM_ACCOUNTBI_FLEX_BI_ACCOUNT_VI,INC_FSCM_ACCOUNTBI_FLEX_BI_ACCOUNT_VI,IEI_FSCM_ACCOUNTBI_FLEX_BI_ACCOUNT_VI
file_fscmtopmodelam_accountbiam_flex_tree_vs_fa_cost_ctr_vi,FSCM_ACCOUNTBI_FLEX_TREE_VS_FA_COST_CTR_VI,fscmtopmodelam.accountbiam.flex_tree_vs_fa_cost_ctr_vi,FSC-FULL,,,,PK_FSCM_ACCOUNTBI_FLEX_TREE_VS_FA_COST_CTR_VI,INC_FSCM_ACCOUNTBI_FLEX_TREE_VS_FA_COST_CTR_VI,IEI_FSCM_ACCOUNTBI_FLEX_TREE_VS_FA_COST_CTR_VI
file_fscmtopmodelam_accountbiam_flex_tree_vs_gl_account_vi,FSCM_ACCOUNTBI_FLEX_TREE_VS_GL_ACCOUNT_VI,fscmtopmodelam.accountbiam.flex_tree_vs_gl_account_vi,FSC-FULL,,,,PK_FSCM_ACCOUNTBI_FLEX_TREE_VS_GL_ACCOUNT_VI,INC_FSCM_ACCOUNTBI_FLEX_TREE_VS_GL_ACCOUNT_VI,IEI_FSCM_ACCOUNTBI_FLEX_TREE_VS_GL_ACCOUNT_VI
file_fscmtopmodelam_accountbiam_flex_tree_vs_gl_balancing_vi,FSCM_ACCOUNTBI_FLEX_TREE_VS_GL_BALANCING_VI,fscmtopmodelam.accountbiam.flex_tree_vs_gl_balancing_vi,FSC-FULL,,,,PK_FSCM_ACCOUNTBI_FLEX_TREE_VS_GL_BALANCING_VI,INC_FSCM_ACCOUNTBI_FLEX_TREE_VS_GL_BALANCING_VI,IEI_FSCM_ACCOUNTBI_FLEX_TREE_VS_GL_BALANCING_VI
file_fscmtopmodelam_accountbiam_flex_treecode_vs_fa_cost_ctr_vi,FSCM_ACCOUNTBI_FLEX_TREECODE_VS_FA_COST_CTR_VI,fscmtopmodelam.accountbiam.flex_treecode_vs_fa_cost_ctr_vi,FSC-FULL,,,,PK_FSCM_ACCOUNTBI_FLEX_TREECODE_VS_FA_COST_CTR_VI,INC_FSCM_ACCOUNTBI_FLEX_TREECODE_VS_FA_COST_CTR_VI,IEI_FSCM_ACCOUNTBI_FLEX_TREECODE_VS_FA_COST_CTR_VI
file_fscmtopmodelam_analyticsserviceam_fndtreeandversionvo,FSCM_FND_TREE_AND_VERSION_VO,fscmtopmodelam.analyticsserviceam.fndtreeandversionvo,FSC-FULL,,,,PK_FSCM_FND_TREE_AND_VERSION_VO,INC_FSCM_FND_TREE_AND_VERSION_VO,IEI_FSCM_FND_TREE_AND_VERSION_VO
file_fscmtopmodelam_analyticsserviceam_keyflexstructureinstancespvo,FSCM_KEY_FLEX_STRUCTURE_INSTANCES,fscmtopmodelam.analyticsserviceam.keyflexstructureinstancespvo,FSC-FULL,,,,PK_FSCM_KEY_FLEX_STRUCTURE_INSTANCES,INC_FSCM_KEY_FLEX_STRUCTURE_INSTANCES,IEI_FSCM_KEY_FLEX_STRUCTURE_INSTANCES
file_fscmtopmodelam_analyticsserviceam_valuesettypedvaluespvo,FSCM_VALUE_SET_TYPED_VALUES,fscmtopmodelam.analyticsserviceam.valuesettypedvaluespvo,FSC-FULL,,,,PK_FSCM_VALUE_SET_TYPED_VALUES,INC_FSCM_VALUE_SET_TYPED_VALUES,IEI_FSCM_VALUE_SET_TYPED_VALUES
file_fscmtopmodelam_analyticsserviceam_valuesetvaluespvo,FSCM_VALUE_SET_VALUES,fscmtopmodelam.analyticsserviceam.valuesetvaluespvo,FSC-FULL,,,,PK_FSCM_VALUE_SET_VALUES,INC_FSCM_VALUE_SET_VALUES,IEI_FSCM_VALUE_SET_VALUES
file_fscmtopmodelam_analyticsserviceam_valuesetvaluestlpvo,FSCM_VALUE_SET_VALUES_TL,fscmtopmodelam.analyticsserviceam.valuesetvaluestlpvo,FSC-FULL,,,,PK_FSCM_VALUE_SET_VALUES_TL,INC_FSCM_VALUE_SET_VALUES_TL,IEI_FSCM_VALUE_SET_VALUES_TL
file_fscmtopmodelam_billingeventam_billingeventpvo,FSCM_BILLINGEVENT_BILLING_EVENT,fscmtopmodelam.billingeventam.billingeventpvo,FSC-FULL,,,,PK_FSCM_BILLINGEVENT_BILLING_EVENT,INC_FSCM_BILLINGEVENT_BILLING_EVENT,IEI_FSCM_BILLINGEVENT_BILLING_EVENT
file_fscmtopmodelam_categorybiam_flex_bi_category_vi,FSCM_CATEGORYBI_FLEX_BI_CATEGORY_VI,fscmtopmodelam.categorybiam.flex_bi_category_vi,FSC-FULL,,,,PK_FSCM_CATEGORYBI_FLEX_BI_CATEGORY_VI,INC_FSCM_CATEGORYBI_FLEX_BI_CATEGORY_VI,IEI_FSCM_CATEGORYBI_FLEX_BI_CATEGORY_VI
file_fscmtopmodelam_contractscoream_contractheaderlinesp,FSCM_CONTRACTSCORE_CONTRACT_HEADER_LINES_P,fscmtopmodelam.contractscoream.contractheaderlinesp,FSC-FULL,,,,PK_FSCM_CONTRACTSCORE_CONTRACT_HEADER_LINES_P,INC_FSCM_CONTRACTSCORE_CONTRACT_HEADER_LINES_P,IEI_FSCM_CONTRACTSCORE_CONTRACT_HEADER_LINES_P
file_fscmtopmodelam_contractscoream_contractheaderp,FSCM_CONTRACTSCORE_CONTRACT_HEADER_P,fscmtopmodelam.contractscoream.contractheaderp,FSC-FULL,,,,PK_FSCM_CONTRACTSCORE_CONTRACT_HEADER_P,INC_FSCM_CONTRACTSCORE_CONTRACT_HEADER_P,IEI_FSCM_CONTRACTSCORE_CONTRACT_HEADER_P
file_fscmtopmodelam_finapinvsetuppmttermsam_paymenttermheadertranslationpvo,FSCM_FINAPINVSETUPPMTTERMS_PAYMENT_TERM_HEADER_TRANSLATION,fscmtopmodelam.finapinvsetuppmttermsam.paymenttermheadertranslationpvo,FSC-FULL,,,,PK_FSCM_FINAPINVSETUPPMTTERMS_PAYMENT_TERM_HEADER_TRANSLATION,INC_FSCM_FINAPINVSETUPPMTTERMS_PAYMENT_TERM_HEADER_TRANSLATION,IEI_FSCM_FINAPINVSETUPPMTTERMS_PAYMENT_TERM_HEADER_TRANSLATION
file_fscmtopmodelam_finapinvsetuppmttermsam_paymenttermlinepvo,FSCM_FINAPINVSETUPPMTTERMS_PAYMENT_TERM_LINE,fscmtopmodelam.finapinvsetuppmttermsam.paymenttermlinepvo,FSC-FULL,,,,PK_FSCM_FINAPINVSETUPPMTTERMS_PAYMENT_TERM_LINE,INC_FSCM_FINAPINVSETUPPMTTERMS_PAYMENT_TERM_LINE,IEI_FSCM_FINAPINVSETUPPMTTERMS_PAYMENT_TERM_LINE
file_fscmtopmodelam_finapinvtransactionsam_invoicepaymentschedulepvo,FSCM_FINAPINVTRANSACTIONS_INVOICE_PAYMENT_SCHEDULE,fscmtopmodelam.finapinvtransactionsam.invoicepaymentschedulepvo,FSC-FULL,,,,PK_FSCM_FINAPINVTRANSACTIONS_INVOICE_PAYMENT_SCHEDULE,INC_FSCM_FINAPINVTRANSACTIONS_INVOICE_PAYMENT_SCHEDULE,IEI_FSCM_FINAPINVTRANSACTIONS_INVOICE_PAYMENT_SCHEDULE
file_fscmtopmodelam_finapinvtransactionsam_suppliersiteaddresspvo,FSCM_FINAPINVTRANSACTIONS_SUPPLIER_SITE_ADDRESS,fscmtopmodelam.finapinvtransactionsam.suppliersiteaddresspvo,FSC-FULL,,,,PK_FSCM_FINAPINVTRANSACTIONS_SUPPLIER_SITE_ADDRESS,INC_FSCM_FINAPINVTRANSACTIONS_SUPPLIER_SITE_ADDRESS,IEI_FSCM_FINAPINVTRANSACTIONS_SUPPLIER_SITE_ADDRESS
file_fscmtopmodelam_finappmtsinglepaymentsam_disbursementheaderpvo,FSCM_FINAPPMTSINGLEPAYMENTS_DISBURSEMENT_HEADER,fscmtopmodelam.finappmtsinglepaymentsam.disbursementheaderpvo,FSC-FULL,,,,PK_FSCM_FINAPPMTSINGLEPAYMENTS_DISBURSEMENT_HEADER,INC_FSCM_FINAPPMTSINGLEPAYMENTS_DISBURSEMENT_HEADER,IEI_FSCM_FINAPPMTSINGLEPAYMENTS_DISBURSEMENT_HEADER
file_fscmtopmodelam_finexmentrysharedam_corporatecardtransactionpvo,FSCM_FINEXMENTRYSHARED_CORPORATE_CARD_TRANSACTION,fscmtopmodelam.finexmentrysharedam.corporatecardtransactionpvo,FSC-FULL,,,,PK_FSCM_FINEXMENTRYSHARED_CORPORATE_CARD_TRANSACTION,INC_FSCM_FINEXMENTRYSHARED_CORPORATE_CARD_TRANSACTION,IEI_FSCM_FINEXMENTRYSHARED_CORPORATE_CARD_TRANSACTION
file_fscmtopmodelam_finextractam_apbiccextractam_disbursementheaderextractpvo,FSCM_FIN_AP_DISBURSEMENT_HEADER_EXTRACT,fscmtopmodelam.finextractam.apbiccextractam.disbursementheaderextractpvo,FSC-FULL,,,,PK_FSCM_FIN_AP_DISBURSEMENT_HEADER_EXTRACT,INC_FSCM_FIN_AP_DISBURSEMENT_HEADER_EXTRACT,IEI_FSCM_FIN_AP_DISBURSEMENT_HEADER_EXTRACT
file_fscmtopmodelam_finextractam_apbiccextractam_invoicedistributionextractpvo,FSCM_FIN_AP_INVOICE_DISTRIBUTION_EXTRACT,fscmtopmodelam.finextractam.apbiccextractam.invoicedistributionextractpvo,FSC-FULL,,,,PK_FSCM_FIN_AP_INVOICE_DISTRIBUTION_EXTRACT,INC_FSCM_FIN_AP_INVOICE_DISTRIBUTION_EXTRACT,IEI_FSCM_FIN_AP_INVOICE_DISTRIBUTION_EXTRACT
file_fscmtopmodelam_finextractam_apbiccextractam_invoiceheaderextractpvo,FSCM_FIN_AP_INVOICE_HEADER_EXTRACT,fscmtopmodelam.finextractam.apbiccextractam.invoiceheaderextractpvo,FSC-FULL,,,,PK_FSCM_FIN_AP_INVOICE_HEADER_EXTRACT,INC_FSCM_FIN_AP_INVOICE_HEADER_EXTRACT,IEI_FSCM_FIN_AP_INVOICE_HEADER_EXTRACT
file_fscmtopmodelam_finextractam_apbiccextractam_invoiceholdextractpvo,FSCM_FIN_AP_INVOICE_HOLD_EXTRACT,fscmtopmodelam.finextractam.apbiccextractam.invoiceholdextractpvo,FSC-FULL,,,,PK_FSCM_FIN_AP_INVOICE_HOLD_EXTRACT,INC_FSCM_FIN_AP_INVOICE_HOLD_EXTRACT,IEI_FSCM_FIN_AP_INVOICE_HOLD_EXTRACT
file_fscmtopmodelam_finextractam_apbiccextractam_invoicelineextractpvo,FSCM_FIN_AP_INVOICE_LINE_EXTRACT,fscmtopmodelam.finextractam.apbiccextractam.invoicelineextractpvo,FSC-FULL,,,,PK_FSCM_FIN_AP_INVOICE_LINE_EXTRACT,INC_FSCM_FIN_AP_INVOICE_LINE_EXTRACT,IEI_FSCM_FIN_AP_INVOICE_LINE_EXTRACT
file_fscmtopmodelam_finextractam_apbiccextractam_invoicepaymentscheduleextractpvo,FSCM_FIN_AP_INVOICE_PAYMENT_SCHEDULE_EXTRACT,fscmtopmodelam.finextractam.apbiccextractam.invoicepaymentscheduleextractpvo,FSC-FULL,,,,PK_FSCM_FIN_AP_INVOICE_PAYMENT_SCHEDULE_EXTRACT,INC_FSCM_FIN_AP_INVOICE_PAYMENT_SCHEDULE_EXTRACT,IEI_FSCM_FIN_AP_INVOICE_PAYMENT_SCHEDULE_EXTRACT
file_fscmtopmodelam_finextractam_apbiccextractam_paiddisbursementscheduleextractpvo,FSCM_FIN_AP_PAID_DISBURSEMENT_SCHEDULE_EXTRACT,fscmtopmodelam.finextractam.apbiccextractam.paiddisbursementscheduleextractpvo,FSC-FULL,,,,PK_FSCM_FIN_AP_PAID_DISBURSEMENT_SCHEDULE_EXTRACT,INC_FSCM_FIN_AP_PAID_DISBURSEMENT_SCHEDULE_EXTRACT,IEI_FSCM_FIN_AP_PAID_DISBURSEMENT_SCHEDULE_EXTRACT
file_fscmtopmodelam_finextractam_apbiccextractam_paymenttermheadertranslationextractpvo,FSCM_FIN_AP_PAYMENT_TERM_HEADER_TRANSLATION_EXTRACT,fscmtopmodelam.finextractam.apbiccextractam.paymenttermheadertranslationextractpvo,FSC-FULL,,,,PK_FSCM_FIN_AP_PAYMENT_TERM_HEADER_TRANSLATION_EXTRACT,INC_FSCM_FIN_AP_PAYMENT_TERM_HEADER_TRANSLATION_EXTRACT,IEI_FSCM_FIN_AP_PAYMENT_TERM_HEADER_TRANSLATION_EXTRACT
file_fscmtopmodelam_finextractam_cebiccextractam_bankaccountextractpvo,FSCM_FIN_CE_BANK_ACCOUNT_EXTRACT,fscmtopmodelam.finextractam.cebiccextractam.bankaccountextractpvo,FSC-FULL,,,,PK_FSCM_FIN_CE_BANK_ACCOUNT_EXTRACT,INC_FSCM_FIN_CE_BANK_ACCOUNT_EXTRACT,IEI_FSCM_FIN_CE_BANK_ACCOUNT_EXTRACT
file_fscmtopmodelam_finextractam_exmbiccextractam_expensedistributionextractpvo,FSCM_FIN_EXM_EXPENSE_DISTRIBUTION_EXTRACT,fscmtopmodelam.finextractam.exmbiccextractam.expensedistributionextractpvo,FSC-FULL,,,,PK_FSCM_FIN_EXM_EXPENSE_DISTRIBUTION_EXTRACT,INC_FSCM_FIN_EXM_EXPENSE_DISTRIBUTION_EXTRACT,IEI_FSCM_FIN_EXM_EXPENSE_DISTRIBUTION_EXTRACT
file_fscmtopmodelam_finextractam_exmbiccextractam_expenseextractpvo,FSCM_FIN_EXM_EXPENSE_EXTRACT,fscmtopmodelam.finextractam.exmbiccextractam.expenseextractpvo,FSC-FULL,,,,PK_FSCM_FIN_EXM_EXPENSE_EXTRACT,INC_FSCM_FIN_EXM_EXPENSE_EXTRACT,IEI_FSCM_FIN_EXM_EXPENSE_EXTRACT
file_fscmtopmodelam_finextractam_exmbiccextractam_expensereportextractpvo,FSCM_FIN_EXM_EXPENSE_REPORT_EXTRACT,fscmtopmodelam.finextractam.exmbiccextractam.expensereportextractpvo,FSC-FULL,,,,PK_FSCM_FIN_EXM_EXPENSE_REPORT_EXTRACT,INC_FSCM_FIN_EXM_EXPENSE_REPORT_EXTRACT,IEI_FSCM_FIN_EXM_EXPENSE_REPORT_EXTRACT
file_fscmtopmodelam_finextractam_exmbiccextractam_expensetemplateextractpvo,FSCM_FIN_EXM_EXPENSE_TEMPLATE_EXTRACT,fscmtopmodelam.finextractam.exmbiccextractam.expensetemplateextractpvo,FSC-FULL,,,,PK_FSCM_FIN_EXM_EXPENSE_TEMPLATE_EXTRACT,INC_FSCM_FIN_EXM_EXPENSE_TEMPLATE_EXTRACT,IEI_FSCM_FIN_EXM_EXPENSE_TEMPLATE_EXTRACT
file_fscmtopmodelam_finextractam_exmbiccextractam_expensetypeextractpvo,FSCM_FIN_EXM_EXPENSE_TYPE_EXTRACT,fscmtopmodelam.finextractam.exmbiccextractam.expensetypeextractpvo,FSC-FULL,,,,PK_FSCM_FIN_EXM_EXPENSE_TYPE_EXTRACT,INC_FSCM_FIN_EXM_EXPENSE_TYPE_EXTRACT,IEI_FSCM_FIN_EXM_EXPENSE_TYPE_EXTRACT
file_fscmtopmodelam_finextractam_fabiccextractam_additionextractpvo,FSCM_FIN_FA_ADDITION_EXTRACT,fscmtopmodelam.finextractam.fabiccextractam.additionextractpvo,FSC-FULL,,,,PK_FSCM_FIN_FA_ADDITION_EXTRACT,INC_FSCM_FIN_FA_ADDITION_EXTRACT,IEI_FSCM_FIN_FA_ADDITION_EXTRACT
file_fscmtopmodelam_finextractam_fabiccextractam_bookextractpvo,FSCM_FIN_FA_BOOK_EXTRACT,fscmtopmodelam.finextractam.fabiccextractam.bookextractpvo,FSC-FULL,,,,PK_FSCM_FIN_FA_BOOK_EXTRACT,INC_FSCM_FIN_FA_BOOK_EXTRACT,IEI_FSCM_FIN_FA_BOOK_EXTRACT
file_fscmtopmodelam_finextractam_glbiccextractam_balanceextractpvo,FSCM_FIN_GL_BALANCE_EXTRACT,fscmtopmodelam.finextractam.glbiccextractam.balanceextractpvo,FSC-FULL,,,,PK_FSCM_FIN_GL_BALANCE_EXTRACT,INC_FSCM_FIN_GL_BALANCE_EXTRACT,IEI_FSCM_FIN_GL_BALANCE_EXTRACT
file_fscmtopmodelam_finextractam_glbiccextractam_codecombinationextractpvo,FSCM_FIN_GL_CODE_COMBINATION_EXTRACT,fscmtopmodelam.finextractam.glbiccextractam.codecombinationextractpvo,FSC-FULL,,,,PK_FSCM_FIN_GL_CODE_COMBINATION_EXTRACT,INC_FSCM_FIN_GL_CODE_COMBINATION_EXTRACT,IEI_FSCM_FIN_GL_CODE_COMBINATION_EXTRACT
file_fscmtopmodelam_finextractam_glbiccextractam_journalcategoryextractpvo,FSCM_FIN_GL_JOURNAL_CATEGORY_EXTRACT,fscmtopmodelam.finextractam.glbiccextractam.journalcategoryextractpvo,FSC-FULL,,,,PK_FSCM_FIN_GL_JOURNAL_CATEGORY_EXTRACT,INC_FSCM_FIN_GL_JOURNAL_CATEGORY_EXTRACT,IEI_FSCM_FIN_GL_JOURNAL_CATEGORY_EXTRACT
file_fscmtopmodelam_finextractam_glbiccextractam_journalreconlineextractpvo,FSCM_FIN_GL_JOURNAL_RECON_LINE_EXTRACT,fscmtopmodelam.finextractam.glbiccextractam.journalreconlineextractpvo,FSC-FULL,,,,PK_FSCM_FIN_GL_JOURNAL_RECON_LINE_EXTRACT,INC_FSCM_FIN_GL_JOURNAL_RECON_LINE_EXTRACT,IEI_FSCM_FIN_GL_JOURNAL_RECON_LINE_EXTRACT
file_fscmtopmodelam_finextractam_glbiccextractam_ledgerextractpvo,FSCM_FIN_GL_LEDGER_EXTRACT,fscmtopmodelam.finextractam.glbiccextractam.ledgerextractpvo,FSC-FULL,,,,PK_FSCM_FIN_GL_LEDGER_EXTRACT,INC_FSCM_FIN_GL_LEDGER_EXTRACT,IEI_FSCM_FIN_GL_LEDGER_EXTRACT
file_fscmtopmodelam_finextractam_glbiccextractam_legalentitybsvassgmtextractpvo,FSCM_FIN_GL_LEGAL_ENTITY_BS_VASSGMT_EXTRACT,fscmtopmodelam.finextractam.glbiccextractam.legalentitybsvassgmtextractpvo,FSC-FULL,,,,PK_FSCM_FIN_GL_LEGAL_ENTITY_BS_VASSGMT_EXTRACT,INC_FSCM_FIN_GL_LEGAL_ENTITY_BS_VASSGMT_EXTRACT,IEI_FSCM_FIN_GL_LEGAL_ENTITY_BS_VASSGMT_EXTRACT
file_fscmtopmodelam_finextractam_glbiccextractam_periodstatusextractpvo,FSCM_FIN_GL_PERIOD_STATUS_EXTRACT,fscmtopmodelam.finextractam.glbiccextractam.periodstatusextractpvo,FSC-FULL,,,,PK_FSCM_FIN_GL_PERIOD_STATUS_EXTRACT,INC_FSCM_FIN_GL_PERIOD_STATUS_EXTRACT,IEI_FSCM_FIN_GL_PERIOD_STATUS_EXTRACT
file_fscmtopmodelam_finextractam_xlebiccextractam_legalentityextractpvo,FSCM_FIN_XLE_LEGAL_ENTITY_EXTRACT,fscmtopmodelam.finextractam.xlebiccextractam.legalentityextractpvo,FSC-FULL,,,,PK_FSCM_FIN_XLE_LEGAL_ENTITY_EXTRACT,INC_FSCM_FIN_XLE_LEGAL_ENTITY_EXTRACT,IEI_FSCM_FIN_XLE_LEGAL_ENTITY_EXTRACT
file_fscmtopmodelam_finextractam_xlebiccextractam_registrationextractpvo,FSCM_FIN_XLE_REGISTRATION_EXTRACT,fscmtopmodelam.finextractam.xlebiccextractam.registrationextractpvo,FSC-FULL,,,,PK_FSCM_FIN_XLE_REGISTRATION_EXTRACT,INC_FSCM_FIN_XLE_REGISTRATION_EXTRACT,IEI_FSCM_FIN_XLE_REGISTRATION_EXTRACT
file_fscmtopmodelam_finglcalaccam_periodstatuspvo,FSCM_FINGLCALACC_PERIOD_STATUS,fscmtopmodelam.finglcalaccam.periodstatuspvo,FSC-FULL,,,,PK_FSCM_FINGLCALACC_PERIOD_STATUS,INC_FSCM_FINGLCALACC_PERIOD_STATUS,IEI_FSCM_FINGLCALACC_PERIOD_STATUS
file_fscmtopmodelam_fingljrnlentriesam_journalheaderextractpvo,FSCM_FINGLJRNLENTRIES_JOURNAL_HEADER_EXTRACT,fscmtopmodelam.fingljrnlentriesam.journalheaderextractpvo,FSC-FULL,,,,PK_FSCM_FINGLJRNLENTRIES_JOURNAL_HEADER_EXTRACT,INC_FSCM_FINGLJRNLENTRIES_JOURNAL_HEADER_EXTRACT,IEI_FSCM_FINGLJRNLENTRIES_JOURNAL_HEADER_EXTRACT
file_fscmtopmodelam_fingljrnlsetupsrcam_journalsourcebpvo,FSCM_FINGLJRNLSETUPSRC_JOURNAL_SOURCE_B,fscmtopmodelam.fingljrnlsetupsrcam.journalsourcebpvo,FSC-FULL,,,,PK_FSCM_FINGLJRNLSETUPSRC_JOURNAL_SOURCE_B,INC_FSCM_FINGLJRNLSETUPSRC_JOURNAL_SOURCE_B,IEI_FSCM_FINGLJRNLSETUPSRC_JOURNAL_SOURCE_B
file_fscmtopmodelam_finglshrdflexfieldam_segmentvaluehierarchypvo,FSCM_FINGLSHRDFLEXFIELD_SEGMENT_VALUE_HIERARCHY,fscmtopmodelam.finglshrdflexfieldam.segmentvaluehierarchypvo,FSC-FULL,,,,PK_FSCM_FINGLSHRDFLEXFIELD_SEGMENT_VALUE_HIERARCHY,INC_FSCM_FINGLSHRDFLEXFIELD_SEGMENT_VALUE_HIERARCHY,IEI_FSCM_FINGLSHRDFLEXFIELD_SEGMENT_VALUE_HIERARCHY
file_fscmtopmodelam_gmsawardam_awardcfdapvo,FSCM_GMSAWARD_AWARD_CF_DA,fscmtopmodelam.gmsawardam.awardcfdapvo,FSC-FULL,,,,PK_FSCM_GMSAWARD_AWARD_CF_DA,INC_FSCM_GMSAWARD_AWARD_CF_DA,IEI_FSCM_GMSAWARD_AWARD_CF_DA
file_fscmtopmodelam_gmsawardam_awardfundingpvo,FSCM_GMSAWARD_AWARD_FUNDING,fscmtopmodelam.gmsawardam.awardfundingpvo,FSC-FULL,,,,PK_FSCM_GMSAWARD_AWARD_FUNDING,INC_FSCM_GMSAWARD_AWARD_FUNDING,IEI_FSCM_GMSAWARD_AWARD_FUNDING
file_fscmtopmodelam_gmsawardam_awardpersonnelpvo,FSCM_GMSAWARD_AWARD_PERSONNEL,fscmtopmodelam.gmsawardam.awardpersonnelpvo,FSC-FULL,,,,PK_FSCM_GMSAWARD_AWARD_PERSONNEL,INC_FSCM_GMSAWARD_AWARD_PERSONNEL,IEI_FSCM_GMSAWARD_AWARD_PERSONNEL
file_fscmtopmodelam_jobam_jobpvo,FSCM_JOB_JOB,fscmtopmodelam.jobam.jobpvo,FSC-FULL,,,,PK_FSCM_JOB_JOB,INC_FSCM_JOB_JOB,IEI_FSCM_JOB_JOB
file_fscmtopmodelam_locationam_locationrefpvo,FSCM_LOCATION_LOCATION_REF,fscmtopmodelam.locationam.locationrefpvo,FSC-FULL,,,,PK_FSCM_LOCATION_LOCATION_REF,INC_FSCM_LOCATION_LOCATION_REF,IEI_FSCM_LOCATION_LOCATION_REF
file_fscmtopmodelam_organizationam_organizationpvo,FSCM_ORGANIZATION_ORGANIZATION,fscmtopmodelam.organizationam.organizationpvo,FSC-FULL,,,,PK_FSCM_ORGANIZATION_ORGANIZATION,INC_FSCM_ORGANIZATION_ORGANIZATION,IEI_FSCM_ORGANIZATION_ORGANIZATION
file_fscmtopmodelam_organizationam_organizationunitpvo,FSCM_ORGANIZATION_ORGANIZATION_UNIT,fscmtopmodelam.organizationam.organizationunitpvo,FSC-FULL,,,,PK_FSCM_ORGANIZATION_ORGANIZATION_UNIT,INC_FSCM_ORGANIZATION_ORGANIZATION_UNIT,IEI_FSCM_ORGANIZATION_ORGANIZATION_UNIT
file_fscmtopmodelam_organizationam_organizationunittranslationpvo,FSCM_ORGANIZATION_ORGANIZATION_UNIT_TRANSLATION,fscmtopmodelam.organizationam.organizationunittranslationpvo,FSC-FULL,,,,PK_FSCM_ORGANIZATION_ORGANIZATION_UNIT_TRANSLATION,INC_FSCM_ORGANIZATION_ORGANIZATION_UNIT_TRANSLATION,IEI_FSCM_ORGANIZATION_ORGANIZATION_UNIT_TRANSLATION
file_fscmtopmodelam_partiesanalyticsam_partyperson,FSCM_PARTIES_PARTY_PERSON,fscmtopmodelam.partiesanalyticsam.partyperson,FSC-FULL,,,,PK_FSCM_PARTIES_PARTY_PERSON,INC_FSCM_PARTIES_PARTY_PERSON,IEI_FSCM_PARTIES_PARTY_PERSON
file_fscmtopmodelam_personam_globalpersonforetlpvo,FSCM_PERSON_GLOBAL_PERSON_FOR_ETL,fscmtopmodelam.personam.globalpersonforetlpvo,FSC-FULL,,,,PK_FSCM_PERSON_GLOBAL_PERSON_FOR_ETL,INC_FSCM_PERSON_GLOBAL_PERSON_FOR_ETL,IEI_FSCM_PERSON_GLOBAL_PERSON_FOR_ETL
file_fscmtopmodelam_pjfprojectam_projecttranslation,FSCM_PJFPROJECT_PROJECT_TRANSLATION,fscmtopmodelam.pjfprojectam.projecttranslation,FSC-FULL,,,,PK_FSCM_PJFPROJECT_PROJECT_TRANSLATION,INC_FSCM_PJFPROJECT_PROJECT_TRANSLATION,IEI_FSCM_PJFPROJECT_PROJECT_TRANSLATION
file_fscmtopmodelam_pjfprojectdefinitionam_tasktranslationpvo,FSCM_PJFPROJECTDEFINITION_TASK_TRANSLATION,fscmtopmodelam.pjfprojectdefinitionam.tasktranslationpvo,FSC-FULL,,,,PK_FSCM_PJFPROJECTDEFINITION_TASK_TRANSLATION,INC_FSCM_PJFPROJECTDEFINITION_TASK_TRANSLATION,IEI_FSCM_PJFPROJECTDEFINITION_TASK_TRANSLATION
file_fscmtopmodelam_pjfsetuptransactionsam_expenditurecategory,FSCM_PJFSETUPTRANSACTIONS_EXPENDITURE_CATEGORY,fscmtopmodelam.pjfsetuptransactionsam.expenditurecategory,FSC-FULL,,,,PK_FSCM_PJFSETUPTRANSACTIONS_EXPENDITURE_CATEGORY,INC_FSCM_PJFSETUPTRANSACTIONS_EXPENDITURE_CATEGORY,IEI_FSCM_PJFSETUPTRANSACTIONS_EXPENDITURE_CATEGORY
file_fscmtopmodelam_pjfsetuptransactionsam_expendituretypetranslation,FSCM_PJFSETUPTRANSACTIONS_EXPENDITURE_TYPE_TRANSLATION,fscmtopmodelam.pjfsetuptransactionsam.expendituretypetranslation,FSC-FULL,,,,PK_FSCM_PJFSETUPTRANSACTIONS_EXPENDITURE_TYPE_TRANSLATION,INC_FSCM_PJFSETUPTRANSACTIONS_EXPENDITURE_TYPE_TRANSLATION,IEI_FSCM_PJFSETUPTRANSACTIONS_EXPENDITURE_TYPE_TRANSLATION
file_fscmtopmodelam_prcextractam_pobiccextractam_purchasingattributevaluesdffextractpvo,FSCM_PRC_PO_PURCHASING_ATTRIBUTE_VALUES_DFF_EXTRACT,fscmtopmodelam.prcextractam.pobiccextractam.purchasingattributevaluesdffextractpvo,FSC-FULL,,,,PK_FSCM_PRC_PO_PURCHASING_ATTRIBUTE_VALUES_DFF_EXTRACT,INC_FSCM_PRC_PO_PURCHASING_ATTRIBUTE_VALUES_DFF_EXTRACT,IEI_FSCM_PRC_PO_PURCHASING_ATTRIBUTE_VALUES_DFF_EXTRACT
file_fscmtopmodelam_prcextractam_pobiccextractam_purchasingattributevaluesextractpvo,FSCM_PRC_PO_PURCHASING_ATTRIBUTE_VALUES_EXTRACT,fscmtopmodelam.prcextractam.pobiccextractam.purchasingattributevaluesextractpvo,FSC-FULL,,,,PK_FSCM_PRC_PO_PURCHASING_ATTRIBUTE_VALUES_EXTRACT,INC_FSCM_PRC_PO_PURCHASING_ATTRIBUTE_VALUES_EXTRACT,IEI_FSCM_PRC_PO_PURCHASING_ATTRIBUTE_VALUES_EXTRACT
file_fscmtopmodelam_prcextractam_pobiccextractam_purchasingdocumentdistributionextractpvo,FSCM_PRC_PO_PURCHASING_DOCUMENT_DISTRIBUTION_EXTRACT,fscmtopmodelam.prcextractam.pobiccextractam.purchasingdocumentdistributionextractpvo,FSC-FULL,,,,PK_FSCM_PRC_PO_PURCHASING_DOCUMENT_DISTRIBUTION_EXTRACT,INC_FSCM_PRC_PO_PURCHASING_DOCUMENT_DISTRIBUTION_EXTRACT,IEI_FSCM_PRC_PO_PURCHASING_DOCUMENT_DISTRIBUTION_EXTRACT
file_fscmtopmodelam_prcextractam_pobiccextractam_purchasingdocumentheaderdffextractpvo,FSCM_PRC_PO_PURCHASING_DOCUMENT_HEADER_DFF_EXTRACT,fscmtopmodelam.prcextractam.pobiccextractam.purchasingdocumentheaderdffextractpvo,FSC-FULL,,,,PK_FSCM_PRC_PO_PURCHASING_DOCUMENT_HEADER_DFF_EXTRACT,INC_FSCM_PRC_PO_PURCHASING_DOCUMENT_HEADER_DFF_EXTRACT,IEI_FSCM_PRC_PO_PURCHASING_DOCUMENT_HEADER_DFF_EXTRACT
file_fscmtopmodelam_prcextractam_pobiccextractam_purchasingdocumentheaderextractpvo,FSCM_PRC_PO_PURCHASING_DOCUMENT_HEADER_EXTRACT,fscmtopmodelam.prcextractam.pobiccextractam.purchasingdocumentheaderextractpvo,FSC-FULL,,,,PK_FSCM_PRC_PO_PURCHASING_DOCUMENT_HEADER_EXTRACT,INC_FSCM_PRC_PO_PURCHASING_DOCUMENT_HEADER_EXTRACT,IEI_FSCM_PRC_PO_PURCHASING_DOCUMENT_HEADER_EXTRACT
file_fscmtopmodelam_prcextractam_pobiccextractam_purchasingdocumentlinedffextractpvo,FSCM_PRC_PO_PURCHASING_DOCUMENT_LINE_DFF_EXTRACT,fscmtopmodelam.prcextractam.pobiccextractam.purchasingdocumentlinedffextractpvo,FSC-FULL,,,,PK_FSCM_PRC_PO_PURCHASING_DOCUMENT_LINE_DFF_EXTRACT,INC_FSCM_PRC_PO_PURCHASING_DOCUMENT_LINE_DFF_EXTRACT,IEI_FSCM_PRC_PO_PURCHASING_DOCUMENT_LINE_DFF_EXTRACT
file_fscmtopmodelam_prcextractam_pobiccextractam_purchasingdocumentlineextractpvo,FSCM_PRC_PO_PURCHASING_DOCUMENT_LINE_EXTRACT,fscmtopmodelam.prcextractam.pobiccextractam.purchasingdocumentlineextractpvo,FSC-FULL,,,,PK_FSCM_PRC_PO_PURCHASING_DOCUMENT_LINE_EXTRACT,INC_FSCM_PRC_PO_PURCHASING_DOCUMENT_LINE_EXTRACT,IEI_FSCM_PRC_PO_PURCHASING_DOCUMENT_LINE_EXTRACT
file_fscmtopmodelam_prcextractam_pobiccextractam_purchasingdocumentlinelocationextractpvo,FSCM_PRC_PO_PURCHASING_DOCUMENT_LINE_LOCATION_EXTRACT,fscmtopmodelam.prcextractam.pobiccextractam.purchasingdocumentlinelocationextractpvo,FSC-FULL,,,,PK_FSCM_PRC_PO_PURCHASING_DOCUMENT_LINE_LOCATION_EXTRACT,INC_FSCM_PRC_PO_PURCHASING_DOCUMENT_LINE_LOCATION_EXTRACT,IEI_FSCM_PRC_PO_PURCHASING_DOCUMENT_LINE_LOCATION_EXTRACT
file_fscmtopmodelam_prcextractam_pobiccextractam_purchasinggaorgassignmentsextractpvo,FSCM_PRC_PO_PURCHASING_GA_ORG_ASSIGNMENTS_EXTRACT,fscmtopmodelam.prcextractam.pobiccextractam.purchasinggaorgassignmentsextractpvo,FSC-FULL,,,,PK_FSCM_PRC_PO_PURCHASING_GA_ORG_ASSIGNMENTS_EXTRACT,INC_FSCM_PRC_PO_PURCHASING_GA_ORG_ASSIGNMENTS_EXTRACT,IEI_FSCM_PRC_PO_PURCHASING_GA_ORG_ASSIGNMENTS_EXTRACT
file_fscmtopmodelam_prcextractam_porbiccextractam_requisitiondistributionextractpvo,FSCM_PRC_POR_REQUISITION_DISTRIBUTION_EXTRACT,fscmtopmodelam.prcextractam.porbiccextractam.requisitiondistributionextractpvo,FSC-FULL,,,,PK_FSCM_PRC_POR_REQUISITION_DISTRIBUTION_EXTRACT,INC_FSCM_PRC_POR_REQUISITION_DISTRIBUTION_EXTRACT,IEI_FSCM_PRC_POR_REQUISITION_DISTRIBUTION_EXTRACT
file_fscmtopmodelam_prcextractam_porbiccextractam_requisitionheaderextractpvo,FSCM_PRC_POR_REQUISITION_HEADER_EXTRACT,fscmtopmodelam.prcextractam.porbiccextractam.requisitionheaderextractpvo,FSC-FULL,,,,PK_FSCM_PRC_POR_REQUISITION_HEADER_EXTRACT,INC_FSCM_PRC_POR_REQUISITION_HEADER_EXTRACT,IEI_FSCM_PRC_POR_REQUISITION_HEADER_EXTRACT
file_fscmtopmodelam_prcextractam_porbiccextractam_requisitionlineextractpvo,FSCM_PRC_POR_REQUISITION_LINE_EXTRACT,fscmtopmodelam.prcextractam.porbiccextractam.requisitionlineextractpvo,FSC-FULL,,,,PK_FSCM_PRC_POR_REQUISITION_LINE_EXTRACT,INC_FSCM_PRC_POR_REQUISITION_LINE_EXTRACT,IEI_FSCM_PRC_POR_REQUISITION_LINE_EXTRACT
file_fscmtopmodelam_prcextractam_pozbiccextractam_supplierbusinessclassificationextractpvo,FSCM_PRC_POZ_SUPPLIER_BUSINESS_CLASSIFICATION_EXTRACT,fscmtopmodelam.prcextractam.pozbiccextractam.supplierbusinessclassificationextractpvo,FSC-FULL,,,,PK_FSCM_PRC_POZ_SUPPLIER_BUSINESS_CLASSIFICATION_EXTRACT,INC_FSCM_PRC_POZ_SUPPLIER_BUSINESS_CLASSIFICATION_EXTRACT,IEI_FSCM_PRC_POZ_SUPPLIER_BUSINESS_CLASSIFICATION_EXTRACT
file_fscmtopmodelam_prcextractam_pozbiccextractam_supplierextractpvo,FSCM_PRC_POZ_SUPPLIER_EXTRACT,fscmtopmodelam.prcextractam.pozbiccextractam.supplierextractpvo,FSC-FULL,,,,PK_FSCM_PRC_POZ_SUPPLIER_EXTRACT,INC_FSCM_PRC_POZ_SUPPLIER_EXTRACT,IEI_FSCM_PRC_POZ_SUPPLIER_EXTRACT
file_fscmtopmodelam_prcextractam_pozbiccextractam_suppliersiteextractpvo,FSCM_PRC_POZ_SUPPLIER_SITE_EXTRACT,fscmtopmodelam.prcextractam.pozbiccextractam.suppliersiteextractpvo,FSC-FULL,,,,PK_FSCM_PRC_POZ_SUPPLIER_SITE_EXTRACT,INC_FSCM_PRC_POZ_SUPPLIER_SITE_EXTRACT,IEI_FSCM_PRC_POZ_SUPPLIER_SITE_EXTRACT
file_fscmtopmodelam_prcpozpublicviewam_supplierbankaccountpvo,FSCM_PRCPOZPUBLICVIEW_SUPPLIER_BANK_ACCOUNT,fscmtopmodelam.prcpozpublicviewam.supplierbankaccountpvo,FSC-FULL,,,,PK_FSCM_PRCPOZPUBLICVIEW_SUPPLIER_BANK_ACCOUNT,INC_FSCM_PRCPOZPUBLICVIEW_SUPPLIER_BANK_ACCOUNT,IEI_FSCM_PRCPOZPUBLICVIEW_SUPPLIER_BANK_ACCOUNT
file_fscmtopmodelam_prcpozpublicviewam_supplierpvo,FSCM_PRCPOZPUBLICVIEW_SUPPLIER,fscmtopmodelam.prcpozpublicviewam.supplierpvo,FSC-FULL,,,,PK_FSCM_PRCPOZPUBLICVIEW_SUPPLIER,INC_FSCM_PRCPOZPUBLICVIEW_SUPPLIER,IEI_FSCM_PRCPOZPUBLICVIEW_SUPPLIER
file_fscmtopmodelam_prcpozpublicviewam_suppliersitepvo,FSCM_PRCPOZPUBLICVIEW_SUPPLIER_SITE,fscmtopmodelam.prcpozpublicviewam.suppliersitepvo,FSC-FULL,,,,PK_FSCM_PRCPOZPUBLICVIEW_SUPPLIER_SITE,INC_FSCM_PRCPOZPUBLICVIEW_SUPPLIER_SITE,IEI_FSCM_PRCPOZPUBLICVIEW_SUPPLIER_SITE
file_fscmtopmodelam_prjextractam_gmsbiccextractam_awardheaderextractpvo,FSCM_PRJ_GMS_AWARD_HEADER_EXTRACT,fscmtopmodelam.prjextractam.gmsbiccextractam.awardheaderextractpvo,FSC-FULL,,,,PK_FSCM_PRJ_GMS_AWARD_HEADER_EXTRACT,INC_FSCM_PRJ_GMS_AWARD_HEADER_EXTRACT,IEI_FSCM_PRJ_GMS_AWARD_HEADER_EXTRACT
file_fscmtopmodelam_prjextractam_gmsbiccextractam_awardheadertranslationextractpvo,FSCM_PRJ_GMS_AWARD_HEADER_TRANSLATION_EXTRACT,fscmtopmodelam.prjextractam.gmsbiccextractam.awardheadertranslationextractpvo,FSC-FULL,,,,PK_FSCM_PRJ_GMS_AWARD_HEADER_TRANSLATION_EXTRACT,INC_FSCM_PRJ_GMS_AWARD_HEADER_TRANSLATION_EXTRACT,IEI_FSCM_PRJ_GMS_AWARD_HEADER_TRANSLATION_EXTRACT
file_fscmtopmodelam_prjextractam_gmsbiccextractam_awardprojectextractpvo,FSCM_PRJ_GMS_AWARD_PROJECT_EXTRACT,fscmtopmodelam.prjextractam.gmsbiccextractam.awardprojectextractpvo,FSC-FULL,,,,PK_FSCM_PRJ_GMS_AWARD_PROJECT_EXTRACT,INC_FSCM_PRJ_GMS_AWARD_PROJECT_EXTRACT,IEI_FSCM_PRJ_GMS_AWARD_PROJECT_EXTRACT
file_fscmtopmodelam_prjextractam_gmsbiccextractam_fundingsourceextractpvo,FSCM_PRJ_GMS_FUNDING_SOURCE_EXTRACT,fscmtopmodelam.prjextractam.gmsbiccextractam.fundingsourceextractpvo,FSC-FULL,,,,PK_FSCM_PRJ_GMS_FUNDING_SOURCE_EXTRACT,INC_FSCM_PRJ_GMS_FUNDING_SOURCE_EXTRACT,IEI_FSCM_PRJ_GMS_FUNDING_SOURCE_EXTRACT
file_fscmtopmodelam_prjextractam_pjbbiccextractam_billingeventextractpvo,FSCM_PRJ_PJB_BILLING_EVENT_EXTRACT,fscmtopmodelam.prjextractam.pjbbiccextractam.billingeventextractpvo,FSC-FULL,,,,PK_FSCM_PRJ_PJB_BILLING_EVENT_EXTRACT,INC_FSCM_PRJ_PJB_BILLING_EVENT_EXTRACT,IEI_FSCM_PRJ_PJB_BILLING_EVENT_EXTRACT
file_fscmtopmodelam_prjextractam_pjcbiccextractam_projectassetextractpvo,FSCM_PRJ_PJC_PROJECT_ASSET_EXTRACT,fscmtopmodelam.prjextractam.pjcbiccextractam.projectassetextractpvo,FSC-FULL,,,,PK_FSCM_PRJ_PJC_PROJECT_ASSET_EXTRACT,INC_FSCM_PRJ_PJC_PROJECT_ASSET_EXTRACT,IEI_FSCM_PRJ_PJC_PROJECT_ASSET_EXTRACT
file_fscmtopmodelam_prjextractam_pjcbiccextractam_projectcommitmentextractpvo,FSCM_PRJ_PJC_PROJECT_COMMITMENT_EXTRACT,fscmtopmodelam.prjextractam.pjcbiccextractam.projectcommitmentextractpvo,FSC-FULL,,,,PK_FSCM_PRJ_PJC_PROJECT_COMMITMENT_EXTRACT,INC_FSCM_PRJ_PJC_PROJECT_COMMITMENT_EXTRACT,IEI_FSCM_PRJ_PJC_PROJECT_COMMITMENT_EXTRACT
file_fscmtopmodelam_prjextractam_pjcbiccextractam_projectexpendituregroupextractpvo,FSCM_PRJ_PJC_PROJECT_EXPENDITURE_GROUP_EXTRACT,fscmtopmodelam.prjextractam.pjcbiccextractam.projectexpendituregroupextractpvo,FSC-FULL,,,,PK_FSCM_PRJ_PJC_PROJECT_EXPENDITURE_GROUP_EXTRACT,INC_FSCM_PRJ_PJC_PROJECT_EXPENDITURE_GROUP_EXTRACT,IEI_FSCM_PRJ_PJC_PROJECT_EXPENDITURE_GROUP_EXTRACT
file_fscmtopmodelam_prjextractam_pjfbiccextractam_burdenscheduleextractpvo,FSCM_PRJ_PJF_BURDEN_SCHEDULE_EXTRACT,fscmtopmodelam.prjextractam.pjfbiccextractam.burdenscheduleextractpvo,FSC-FULL,,,,PK_FSCM_PRJ_PJF_BURDEN_SCHEDULE_EXTRACT,INC_FSCM_PRJ_PJF_BURDEN_SCHEDULE_EXTRACT,IEI_FSCM_PRJ_PJF_BURDEN_SCHEDULE_EXTRACT
file_fscmtopmodelam_prjextractam_pjfbiccextractam_classcategorytranslationextractpvo,FSCM_PRJ_PJF_CLASS_CATEGORY_TRANSLATION_EXTRACT,fscmtopmodelam.prjextractam.pjfbiccextractam.classcategorytranslationextractpvo,FSC-FULL,,,,PK_FSCM_PRJ_PJF_CLASS_CATEGORY_TRANSLATION_EXTRACT,INC_FSCM_PRJ_PJF_CLASS_CATEGORY_TRANSLATION_EXTRACT,IEI_FSCM_PRJ_PJF_CLASS_CATEGORY_TRANSLATION_EXTRACT
file_fscmtopmodelam_prjextractam_pjfbiccextractam_classcodeextractpvo,FSCM_PRJ_PJF_CLASS_CODE_EXTRACT,fscmtopmodelam.prjextractam.pjfbiccextractam.classcodeextractpvo,FSC-FULL,,,,PK_FSCM_PRJ_PJF_CLASS_CODE_EXTRACT,INC_FSCM_PRJ_PJF_CLASS_CODE_EXTRACT,IEI_FSCM_PRJ_PJF_CLASS_CODE_EXTRACT
file_fscmtopmodelam_prjextractam_pjfbiccextractam_classcodetranslationextractpvo,FSCM_PRJ_PJF_CLASS_CODE_TRANSLATION_EXTRACT,fscmtopmodelam.prjextractam.pjfbiccextractam.classcodetranslationextractpvo,FSC-FULL,,,,PK_FSCM_PRJ_PJF_CLASS_CODE_TRANSLATION_EXTRACT,INC_FSCM_PRJ_PJF_CLASS_CODE_TRANSLATION_EXTRACT,IEI_FSCM_PRJ_PJF_CLASS_CODE_TRANSLATION_EXTRACT
file_fscmtopmodelam_prjextractam_pjfbiccextractam_eventtypetranslationextractpvo,FSCM_PRJ_PJF_EVENT_TYPE_TRANSLATION_EXTRACT,fscmtopmodelam.prjextractam.pjfbiccextractam.eventtypetranslationextractpvo,FSC-FULL,,,,PK_FSCM_PRJ_PJF_EVENT_TYPE_TRANSLATION_EXTRACT,INC_FSCM_PRJ_PJF_EVENT_TYPE_TRANSLATION_EXTRACT,IEI_FSCM_PRJ_PJF_EVENT_TYPE_TRANSLATION_EXTRACT
file_fscmtopmodelam_prjextractam_pjfbiccextractam_expenditurecategorytranslationextractpvo,FSCM_PRJ_PJF_EXPENDITURE_CATEGORY_TRANSLATION_EXTRACT,fscmtopmodelam.prjextractam.pjfbiccextractam.expenditurecategorytranslationextractpvo,FSC-FULL,,,,PK_FSCM_PRJ_PJF_EXPENDITURE_CATEGORY_TRANSLATION_EXTRACT,INC_FSCM_PRJ_PJF_EXPENDITURE_CATEGORY_TRANSLATION_EXTRACT,IEI_FSCM_PRJ_PJF_EXPENDITURE_CATEGORY_TRANSLATION_EXTRACT
file_fscmtopmodelam_prjextractam_pjfbiccextractam_expendituretypeclasstranslationextractpvo,FSCM_PRJ_PJF_EXPENDITURE_TYPE_CLASS_TRANSLATION_EXTRACT,fscmtopmodelam.prjextractam.pjfbiccextractam.expendituretypeclasstranslationextractpvo,FSC-FULL,,,,PK_FSCM_PRJ_PJF_EXPENDITURE_TYPE_CLASS_TRANSLATION_EXTRACT,INC_FSCM_PRJ_PJF_EXPENDITURE_TYPE_CLASS_TRANSLATION_EXTRACT,IEI_FSCM_PRJ_PJF_EXPENDITURE_TYPE_CLASS_TRANSLATION_EXTRACT
file_fscmtopmodelam_prjextractam_pjfbiccextractam_expendituretypeextractpvo,FSCM_PRJ_PJF_EXPENDITURE_TYPE_EXTRACT,fscmtopmodelam.prjextractam.pjfbiccextractam.expendituretypeextractpvo,FSC-FULL,,,,PK_FSCM_PRJ_PJF_EXPENDITURE_TYPE_EXTRACT,INC_FSCM_PRJ_PJF_EXPENDITURE_TYPE_EXTRACT,IEI_FSCM_PRJ_PJF_EXPENDITURE_TYPE_EXTRACT
file_fscmtopmodelam_prjextractam_pjfbiccextractam_expendituretypetranslationextractpvo,FSCM_PRJ_PJF_EXPENDITURE_TYPE_TRANSLATION_EXTRACT,fscmtopmodelam.prjextractam.pjfbiccextractam.expendituretypetranslationextractpvo,FSC-FULL,,,,PK_FSCM_PRJ_PJF_EXPENDITURE_TYPE_TRANSLATION_EXTRACT,INC_FSCM_PRJ_PJF_EXPENDITURE_TYPE_TRANSLATION_EXTRACT,IEI_FSCM_PRJ_PJF_EXPENDITURE_TYPE_TRANSLATION_EXTRACT
file_fscmtopmodelam_prjextractam_pjfbiccextractam_nonlaborresourceextractpvo,FSCM_PRJ_PJF_NON_LABOR_RESOURCE_EXTRACT,fscmtopmodelam.prjextractam.pjfbiccextractam.nonlaborresourceextractpvo,FSC-FULL,,,,PK_FSCM_PRJ_PJF_NON_LABOR_RESOURCE_EXTRACT,INC_FSCM_PRJ_PJF_NON_LABOR_RESOURCE_EXTRACT,IEI_FSCM_PRJ_PJF_NON_LABOR_RESOURCE_EXTRACT
file_fscmtopmodelam_prjextractam_pjfbiccextractam_projectclasscodeextractpvo,FSCM_PRJ_PJF_PROJECT_CLASS_CODE_EXTRACT,fscmtopmodelam.prjextractam.pjfbiccextractam.projectclasscodeextractpvo,FSC-FULL,,,,PK_FSCM_PRJ_PJF_PROJECT_CLASS_CODE_EXTRACT,INC_FSCM_PRJ_PJF_PROJECT_CLASS_CODE_EXTRACT,IEI_FSCM_PRJ_PJF_PROJECT_CLASS_CODE_EXTRACT
file_fscmtopmodelam_prjextractam_pjfbiccextractam_projectextractpvo,FSCM_PRJ_PJF_PROJECT_EXTRACT,fscmtopmodelam.prjextractam.pjfbiccextractam.projectextractpvo,FSC-FULL,,,,PK_FSCM_PRJ_PJF_PROJECT_EXTRACT,INC_FSCM_PRJ_PJF_PROJECT_EXTRACT,IEI_FSCM_PRJ_PJF_PROJECT_EXTRACT
file_fscmtopmodelam_prjextractam_pjfbiccextractam_projectpartyextractpvo,FSCM_PRJ_PJF_PROJECT_PARTY_EXTRACT,fscmtopmodelam.prjextractam.pjfbiccextractam.projectpartyextractpvo,FSC-FULL,,,,PK_FSCM_PRJ_PJF_PROJECT_PARTY_EXTRACT,INC_FSCM_PRJ_PJF_PROJECT_PARTY_EXTRACT,IEI_FSCM_PRJ_PJF_PROJECT_PARTY_EXTRACT
file_fscmtopmodelam_prjextractam_pjfbiccextractam_projectresourcebreakdownstructureelementextractpvo,FSCM_PRJ_PJF_PROJECT_RESOURCE_BREAKDOWN_STRUCTURE_ELEMENT_EXTRACT,fscmtopmodelam.prjextractam.pjfbiccextractam.projectresourcebreakdownstructureelementextractpvo,FSC-FULL,,,,PK_FSCM_PRJ_PJF_PROJECT_RESOURCE_BREAKDOWN_STRUCTURE_ELEMENT_EXTRACT,INC_FSCM_PRJ_PJF_PROJECT_RESOURCE_BREAKDOWN_STRUCTURE_ELEMENT_EXTRACT,IEI_FSCM_PRJ_PJF_PROJECT_RESOURCE_BREAKDOWN_STRUCTURE_ELEMENT_EXTRACT
file_fscmtopmodelam_prjextractam_pjfbiccextractam_projectresourcebreakdownstructureelementnameextractpvo,FSCM_PRJ_PJF_PROJECT_RESOURCE_BREAKDOWN_STRUCTURE_ELEMENT_NAME_EXTRACT,fscmtopmodelam.prjextractam.pjfbiccextractam.projectresourcebreakdownstructureelementnameextractpvo,FSC-FULL,,,,PK_FSCM_PRJ_PJF_PROJECT_RESOURCE_BREAKDOWN_STRUCTURE_ELEMENT_NAME_EXTRACT,INC_FSCM_PRJ_PJF_PROJECT_RESOURCE_BREAKDOWN_STRUCTURE_ELEMENT_NAME_EXTRACT,IEI_FSCM_PRJ_PJF_PROJECT_RESOURCE_BREAKDOWN_STRUCTURE_ELEMENT_NAME_EXTRACT
file_fscmtopmodelam_prjextractam_pjfbiccextractam_projectresourcebreakdownstructureelementnametranslationextractpvo,FSCM_PRJ_PJF_PROJECT_RESOURCE_BREAKDOWN_STRUCTURE_ELEMENT_NAME_TRANSLATION_EXTRACT,fscmtopmodelam.prjextractam.pjfbiccextractam.projectresourcebreakdownstructureelementnametranslationextractpvo,FSC-FULL,,,,PK_FSCM_PRJ_PJF_PROJECT_RESOURCE_BREAKDOWN_STRUCTURE_ELEMENT_NAME_TRANSLATION_EXTRACT,INC_FSCM_PRJ_PJF_PROJECT_RESOURCE_BREAKDOWN_STRUCTURE_ELEMENT_NAME_TRANSLATION_EXTRACT,IEI_FSCM_PRJ_PJF_PROJECT_RESOURCE_BREAKDOWN_STRUCTURE_ELEMENT_NAME_TRANSLATION_EXTRACT
file_fscmtopmodelam_prjextractam_pjfbiccextractam_projectresourcetypetranslationextractpvo,FSCM_PRJ_PJF_PROJECT_RESOURCE_TYPE_TRANSLATION_EXTRACT,fscmtopmodelam.prjextractam.pjfbiccextractam.projectresourcetypetranslationextractpvo,FSC-FULL,,,,PK_FSCM_PRJ_PJF_PROJECT_RESOURCE_TYPE_TRANSLATION_EXTRACT,INC_FSCM_PRJ_PJF_PROJECT_RESOURCE_TYPE_TRANSLATION_EXTRACT,IEI_FSCM_PRJ_PJF_PROJECT_RESOURCE_TYPE_TRANSLATION_EXTRACT
file_fscmtopmodelam_prjextractam_pjfbiccextractam_projectroletypetranslationextractpvo,FSCM_PRJ_PJF_PROJECT_ROLE_TYPE_TRANSLATION_EXTRACT,fscmtopmodelam.prjextractam.pjfbiccextractam.projectroletypetranslationextractpvo,FSC-FULL,,,,PK_FSCM_PRJ_PJF_PROJECT_ROLE_TYPE_TRANSLATION_EXTRACT,INC_FSCM_PRJ_PJF_PROJECT_ROLE_TYPE_TRANSLATION_EXTRACT,IEI_FSCM_PRJ_PJF_PROJECT_ROLE_TYPE_TRANSLATION_EXTRACT
file_fscmtopmodelam_prjextractam_pjfbiccextractam_projectstatusextractpvo,FSCM_PRJ_PJF_PROJECT_STATUS_EXTRACT,fscmtopmodelam.prjextractam.pjfbiccextractam.projectstatusextractpvo,FSC-FULL,,,,PK_FSCM_PRJ_PJF_PROJECT_STATUS_EXTRACT,INC_FSCM_PRJ_PJF_PROJECT_STATUS_EXTRACT,IEI_FSCM_PRJ_PJF_PROJECT_STATUS_EXTRACT
file_fscmtopmodelam_prjextractam_pjfbiccextractam_projectstatustranslationextractpvo,FSCM_PRJ_PJF_PROJECT_STATUS_TRANSLATION_EXTRACT,fscmtopmodelam.prjextractam.pjfbiccextractam.projectstatustranslationextractpvo,FSC-FULL,,,,PK_FSCM_PRJ_PJF_PROJECT_STATUS_TRANSLATION_EXTRACT,INC_FSCM_PRJ_PJF_PROJECT_STATUS_TRANSLATION_EXTRACT,IEI_FSCM_PRJ_PJF_PROJECT_STATUS_TRANSLATION_EXTRACT
file_fscmtopmodelam_prjextractam_pjfbiccextractam_projecttranslationextractpvo,FSCM_PRJ_PJF_PROJECT_TRANSLATION_EXTRACT,fscmtopmodelam.prjextractam.pjfbiccextractam.projecttranslationextractpvo,FSC-FULL,,,,PK_FSCM_PRJ_PJF_PROJECT_TRANSLATION_EXTRACT,INC_FSCM_PRJ_PJF_PROJECT_TRANSLATION_EXTRACT,IEI_FSCM_PRJ_PJF_PROJECT_TRANSLATION_EXTRACT
file_fscmtopmodelam_prjextractam_pjfbiccextractam_projecttypeextractpvo,FSCM_PRJ_PJF_PROJECT_TYPE_EXTRACT,fscmtopmodelam.prjextractam.pjfbiccextractam.projecttypeextractpvo,FSC-FULL,,,,PK_FSCM_PRJ_PJF_PROJECT_TYPE_EXTRACT,INC_FSCM_PRJ_PJF_PROJECT_TYPE_EXTRACT,IEI_FSCM_PRJ_PJF_PROJECT_TYPE_EXTRACT
file_fscmtopmodelam_prjextractam_pjfbiccextractam_projecttypetranslationextractpvo,FSCM_PRJ_PJF_PROJECT_TYPE_TRANSLATION_EXTRACT,fscmtopmodelam.prjextractam.pjfbiccextractam.projecttypetranslationextractpvo,FSC-FULL,,,,PK_FSCM_PRJ_PJF_PROJECT_TYPE_TRANSLATION_EXTRACT,INC_FSCM_PRJ_PJF_PROJECT_TYPE_TRANSLATION_EXTRACT,IEI_FSCM_PRJ_PJF_PROJECT_TYPE_TRANSLATION_EXTRACT
file_fscmtopmodelam_prjextractam_pjfbiccextractam_taskstructureextractpvo,FSCM_PRJ_PJF_TASK_STRUCTURE_EXTRACT,fscmtopmodelam.prjextractam.pjfbiccextractam.taskstructureextractpvo,FSC-FULL,,,,PK_FSCM_PRJ_PJF_TASK_STRUCTURE_EXTRACT,INC_FSCM_PRJ_PJF_TASK_STRUCTURE_EXTRACT,IEI_FSCM_PRJ_PJF_TASK_STRUCTURE_EXTRACT
file_fscmtopmodelam_prjextractam_pjfbiccextractam_taskstructuretranslationextractpvo,FSCM_PRJ_PJF_TASK_STRUCTURE_TRANSLATION_EXTRACT,fscmtopmodelam.prjextractam.pjfbiccextractam.taskstructuretranslationextractpvo,FSC-FULL,,,,PK_FSCM_PRJ_PJF_TASK_STRUCTURE_TRANSLATION_EXTRACT,INC_FSCM_PRJ_PJF_TASK_STRUCTURE_TRANSLATION_EXTRACT,IEI_FSCM_PRJ_PJF_TASK_STRUCTURE_TRANSLATION_EXTRACT
file_fscmtopmodelam_prjextractam_pjfbiccextractam_transactiondocumententryextractpvo,FSCM_PRJ_PJF_TRANSACTION_DOCUMENT_ENTRY_EXTRACT,fscmtopmodelam.prjextractam.pjfbiccextractam.transactiondocumententryextractpvo,FSC-FULL,,,,PK_FSCM_PRJ_PJF_TRANSACTION_DOCUMENT_ENTRY_EXTRACT,INC_FSCM_PRJ_PJF_TRANSACTION_DOCUMENT_ENTRY_EXTRACT,IEI_FSCM_PRJ_PJF_TRANSACTION_DOCUMENT_ENTRY_EXTRACT
file_fscmtopmodelam_prjextractam_pjfbiccextractam_transactiondocumententrytranslationextractpvo,FSCM_PRJ_PJF_TRANSACTION_DOCUMENT_ENTRY_TRANSLATION_EXTRACT,fscmtopmodelam.prjextractam.pjfbiccextractam.transactiondocumententrytranslationextractpvo,FSC-FULL,,,,PK_FSCM_PRJ_PJF_TRANSACTION_DOCUMENT_ENTRY_TRANSLATION_EXTRACT,INC_FSCM_PRJ_PJF_TRANSACTION_DOCUMENT_ENTRY_TRANSLATION_EXTRACT,IEI_FSCM_PRJ_PJF_TRANSACTION_DOCUMENT_ENTRY_TRANSLATION_EXTRACT
file_fscmtopmodelam_prjextractam_pjfbiccextractam_transactiondocumentextractpvo,FSCM_PRJ_PJF_TRANSACTION_DOCUMENT_EXTRACT,fscmtopmodelam.prjextractam.pjfbiccextractam.transactiondocumentextractpvo,FSC-FULL,,,,PK_FSCM_PRJ_PJF_TRANSACTION_DOCUMENT_EXTRACT,INC_FSCM_PRJ_PJF_TRANSACTION_DOCUMENT_EXTRACT,IEI_FSCM_PRJ_PJF_TRANSACTION_DOCUMENT_EXTRACT
file_fscmtopmodelam_prjextractam_pjfbiccextractam_transactiondocumenttranslationextractpvo,FSCM_PRJ_PJF_TRANSACTION_DOCUMENT_TRANSLATION_EXTRACT,fscmtopmodelam.prjextractam.pjfbiccextractam.transactiondocumenttranslationextractpvo,FSC-FULL,,,,PK_FSCM_PRJ_PJF_TRANSACTION_DOCUMENT_TRANSLATION_EXTRACT,INC_FSCM_PRJ_PJF_TRANSACTION_DOCUMENT_TRANSLATION_EXTRACT,IEI_FSCM_PRJ_PJF_TRANSACTION_DOCUMENT_TRANSLATION_EXTRACT
file_fscmtopmodelam_prjextractam_pjfbiccextractam_transactionsourceextractpvo,FSCM_PRJ_PJF_TRANSACTION_SOURCE_EXTRACT,fscmtopmodelam.prjextractam.pjfbiccextractam.transactionsourceextractpvo,FSC-FULL,,,,PK_FSCM_PRJ_PJF_TRANSACTION_SOURCE_EXTRACT,INC_FSCM_PRJ_PJF_TRANSACTION_SOURCE_EXTRACT,IEI_FSCM_PRJ_PJF_TRANSACTION_SOURCE_EXTRACT
file_fscmtopmodelam_prjextractam_pjfbiccextractam_transactionsourcetranslationextractpvo,FSCM_PRJ_PJF_TRANSACTION_SOURCE_TRANSLATION_EXTRACT,fscmtopmodelam.prjextractam.pjfbiccextractam.transactionsourcetranslationextractpvo,FSC-FULL,,,,PK_FSCM_PRJ_PJF_TRANSACTION_SOURCE_TRANSLATION_EXTRACT,INC_FSCM_PRJ_PJF_TRANSACTION_SOURCE_TRANSLATION_EXTRACT,IEI_FSCM_PRJ_PJF_TRANSACTION_SOURCE_TRANSLATION_EXTRACT
file_fscmtopmodelam_prjextractam_pjobiccextractam_planlinedetailextractp1,FSCM_PRJ_PJO_PLAN_LINE_DETAIL_EXTRACT_P1,fscmtopmodelam.prjextractam.pjobiccextractam.planlinedetailextractp1,FSC-FULL,,,,PK_FSCM_PRJ_PJO_PLAN_LINE_DETAIL_EXTRACT_P1,INC_FSCM_PRJ_PJO_PLAN_LINE_DETAIL_EXTRACT_P1,IEI_FSCM_PRJ_PJO_PLAN_LINE_DETAIL_EXTRACT_P1
file_fscmtopmodelam_prjextractam_pjobiccextractam_planlineextractp1,FSCM_PRJ_PJO_PLAN_LINE_EXTRACT_P1,fscmtopmodelam.prjextractam.pjobiccextractam.planlineextractp1,FSC-FULL,,,,PK_FSCM_PRJ_PJO_PLAN_LINE_EXTRACT_P1,INC_FSCM_PRJ_PJO_PLAN_LINE_EXTRACT_P1,IEI_FSCM_PRJ_PJO_PLAN_LINE_EXTRACT_P1
file_fscmtopmodelam_prjextractam_pjobiccextractam_planningelementsextractp1,FSCM_PRJ_PJO_PLANNING_ELEMENTS_EXTRACT_P1,fscmtopmodelam.prjextractam.pjobiccextractam.planningelementsextractp1,FSC-FULL,,,,PK_FSCM_PRJ_PJO_PLANNING_ELEMENTS_EXTRACT_P1,INC_FSCM_PRJ_PJO_PLANNING_ELEMENTS_EXTRACT_P1,IEI_FSCM_PRJ_PJO_PLANNING_ELEMENTS_EXTRACT_P1
file_fscmtopmodelam_prjextractam_pjobiccextractam_plantypebaseextractp1,FSCM_PRJ_PJO_PLAN_TYPE_BASE_EXTRACT_P1,fscmtopmodelam.prjextractam.pjobiccextractam.plantypebaseextractp1,FSC-FULL,,,,PK_FSCM_PRJ_PJO_PLAN_TYPE_BASE_EXTRACT_P1,INC_FSCM_PRJ_PJO_PLAN_TYPE_BASE_EXTRACT_P1,IEI_FSCM_PRJ_PJO_PLAN_TYPE_BASE_EXTRACT_P1
file_fscmtopmodelam_prjextractam_pjobiccextractam_planversionbaseextractp1,FSCM_PRJ_PJO_PLAN_VERSION_BASE_EXTRACT_P1,fscmtopmodelam.prjextractam.pjobiccextractam.planversionbaseextractp1,FSC-FULL,,,,PK_FSCM_PRJ_PJO_PLAN_VERSION_BASE_EXTRACT_P1,INC_FSCM_PRJ_PJO_PLAN_VERSION_BASE_EXTRACT_P1,IEI_FSCM_PRJ_PJO_PLAN_VERSION_BASE_EXTRACT_P1
file_fscmtopmodelam_prjextractam_pjobiccextractam_planversiontranslationextractp1,FSCM_PRJ_PJO_PLAN_VERSION_TRANSLATION_EXTRACT_P1,fscmtopmodelam.prjextractam.pjobiccextractam.planversiontranslationextractp1,FSC-FULL,,,,PK_FSCM_PRJ_PJO_PLAN_VERSION_TRANSLATION_EXTRACT_P1,INC_FSCM_PRJ_PJO_PLAN_VERSION_TRANSLATION_EXTRACT_P1,IEI_FSCM_PRJ_PJO_PLAN_VERSION_TRANSLATION_EXTRACT_P1
file_fscmtopmodelam_scmextractam_egpbiccextractam_categoryextractpvo,FSCM_SCM_EGP_CATEGORY_EXTRACT,fscmtopmodelam.scmextractam.egpbiccextractam.categoryextractpvo,FSC-FULL,,,,PK_FSCM_SCM_EGP_CATEGORY_EXTRACT,INC_FSCM_SCM_EGP_CATEGORY_EXTRACT,IEI_FSCM_SCM_EGP_CATEGORY_EXTRACT
file_fscmtopmodelam_scmextractam_egpbiccextractam_categorytranslationextractpvo,FSCM_SCM_EGP_CATEGORY_TRANSLATION_EXTRACT,fscmtopmodelam.scmextractam.egpbiccextractam.categorytranslationextractpvo,FSC-FULL,,,,PK_FSCM_SCM_EGP_CATEGORY_TRANSLATION_EXTRACT,INC_FSCM_SCM_EGP_CATEGORY_TRANSLATION_EXTRACT,IEI_FSCM_SCM_EGP_CATEGORY_TRANSLATION_EXTRACT
file_fscmtopmodelam_scmextractam_egpbiccextractam_itemextractpvo,FSCM_SCM_EGP_ITEM_EXTRACT,fscmtopmodelam.scmextractam.egpbiccextractam.itemextractpvo,FSC-FULL,,,,PK_FSCM_SCM_EGP_ITEM_EXTRACT,INC_FSCM_SCM_EGP_ITEM_EXTRACT,IEI_FSCM_SCM_EGP_ITEM_EXTRACT
file_fscmtopmodelam_scmextractam_rcvbiccextractam_receivinginboundshipmentlineextractpvo,FSCM_SCM_RCV_RECEIVING_INBOUND_SHIPMENT_LINE_EXTRACT,fscmtopmodelam.scmextractam.rcvbiccextractam.receivinginboundshipmentlineextractpvo,FSC-FULL,,,,PK_FSCM_SCM_RCV_RECEIVING_INBOUND_SHIPMENT_LINE_EXTRACT,INC_FSCM_SCM_RCV_RECEIVING_INBOUND_SHIPMENT_LINE_EXTRACT,IEI_FSCM_SCM_RCV_RECEIVING_INBOUND_SHIPMENT_LINE_EXTRACT
file_hcmtopmodelanalyticsglobalam_actionam_actionoccurrencespvo,HCM_ACTION_ACTION_OCCURRENCES,hcmtopmodelanalyticsglobalam.actionam.actionoccurrencespvo,HCM-FULL,,,,PK_HCM_ACTION_ACTION_OCCURRENCES,INC_HCM_ACTION_ACTION_OCCURRENCES,IEI_HCM_ACTION_ACTION_OCCURRENCES
file_hcmtopmodelanalyticsglobalam_actionam_actionreasonspvo,HCM_ACTION_ACTION_REASONS,hcmtopmodelanalyticsglobalam.actionam.actionreasonspvo,HCM-FULL,,,,PK_HCM_ACTION_ACTION_REASONS,INC_HCM_ACTION_ACTION_REASONS,IEI_HCM_ACTION_ACTION_REASONS
file_hcmtopmodelanalyticsglobalam_actionam_actionspvo,HCM_ACTION_ACTIONS,hcmtopmodelanalyticsglobalam.actionam.actionspvo,HCM-FULL,,,,PK_HCM_ACTION_ACTIONS,INC_HCM_ACTION_ACTIONS,IEI_HCM_ACTION_ACTIONS
file_hcmtopmodelanalyticsglobalam_analyticsserviceam_lookupvaluestlpvo,HCM_LOOKUP_VALUES_TL,hcmtopmodelanalyticsglobalam.analyticsserviceam.lookupvaluestlpvo,HCM-FULL,,,,PK_HCM_LOOKUP_VALUES_TL,INC_HCM_LOOKUP_VALUES_TL,IEI_HCM_LOOKUP_VALUES_TL
file_hcmtopmodelanalyticsglobalam_areasofresponsibilityam_assignmentresponsibilitypvo,HCM_AREASOFRESPONSIBILITY_ASSIGNMENT_RESPONSIBILITY,hcmtopmodelanalyticsglobalam.areasofresponsibilityam.assignmentresponsibilitypvo,HCM-FULL,,,,PK_HCM_AREASOFRESPONSIBILITY_ASSIGNMENT_RESPONSIBILITY,INC_HCM_AREASOFRESPONSIBILITY_ASSIGNMENT_RESPONSIBILITY,IEI_HCM_AREASOFRESPONSIBILITY_ASSIGNMENT_RESPONSIBILITY
file_hcmtopmodelanalyticsglobalam_assignmentam_assignmentgradesteppvo,HCM_ASSIGNMENT_ASSIGNMENT_GRADE_STEP,hcmtopmodelanalyticsglobalam.assignmentam.assignmentgradesteppvo,HCM-FULL,,,,PK_HCM_ASSIGNMENT_ASSIGNMENT_GRADE_STEP,INC_HCM_ASSIGNMENT_ASSIGNMENT_GRADE_STEP,IEI_HCM_ASSIGNMENT_ASSIGNMENT_GRADE_STEP
file_hcmtopmodelanalyticsglobalam_assignmentam_assignmentpvo,HCM_ASSIGNMENT_ASSIGNMENT,hcmtopmodelanalyticsglobalam.assignmentam.assignmentpvo,HCM-FULL,,,,PK_HCM_ASSIGNMENT_ASSIGNMENT,INC_HCM_ASSIGNMENT_ASSIGNMENT,IEI_HCM_ASSIGNMENT_ASSIGNMENT
file_hcmtopmodelanalyticsglobalam_assignmentam_assignmentstatustypespvo,HCM_ASSIGNMENT_ASSIGNMENT_STATUS_TYPES,hcmtopmodelanalyticsglobalam.assignmentam.assignmentstatustypespvo,HCM-FULL,,,,PK_HCM_ASSIGNMENT_ASSIGNMENT_STATUS_TYPES,INC_HCM_ASSIGNMENT_ASSIGNMENT_STATUS_TYPES,IEI_HCM_ASSIGNMENT_ASSIGNMENT_STATUS_TYPES
file_hcmtopmodelanalyticsglobalam_assignmentam_assignmentsupervisorpvo,HCM_ASSIGNMENT_ASSIGNMENT_SUPERVISOR,hcmtopmodelanalyticsglobalam.assignmentam.assignmentsupervisorpvo,HCM-FULL,,,,PK_HCM_ASSIGNMENT_ASSIGNMENT_SUPERVISOR,INC_HCM_ASSIGNMENT_ASSIGNMENT_SUPERVISOR,IEI_HCM_ASSIGNMENT_ASSIGNMENT_SUPERVISOR
file_hcmtopmodelanalyticsglobalam_assignmentam_assignmentworkmeasurepvo,HCM_ASSIGNMENT_ASSIGNMENT_WORK_MEASURE,hcmtopmodelanalyticsglobalam.assignmentam.assignmentworkmeasurepvo,HCM-FULL,,,,PK_HCM_ASSIGNMENT_ASSIGNMENT_WORK_MEASURE,INC_HCM_ASSIGNMENT_ASSIGNMENT_WORK_MEASURE,IEI_HCM_ASSIGNMENT_ASSIGNMENT_WORK_MEASURE
file_hcmtopmodelanalyticsglobalam_assignmentam_workrelationshippvo,HCM_ASSIGNMENT_WORK_RELATIONSHIP,hcmtopmodelanalyticsglobalam.assignmentam.workrelationshippvo,HCM-FULL,,,,PK_HCM_ASSIGNMENT_WORK_RELATIONSHIP,INC_HCM_ASSIGNMENT_WORK_RELATIONSHIP,IEI_HCM_ASSIGNMENT_WORK_RELATIONSHIP
file_hcmtopmodelanalyticsglobalam_collectiveagreementam_collectiveagreementpvo,HCM_COLLECTIVEAGREEMENT_COLLECTIVE_AGREEMENT,hcmtopmodelanalyticsglobalam.collectiveagreementam.collectiveagreementpvo,HCM-FULL,,,,PK_HCM_COLLECTIVEAGREEMENT_COLLECTIVE_AGREEMENT,INC_HCM_COLLECTIVEAGREEMENT_COLLECTIVE_AGREEMENT,IEI_HCM_COLLECTIVEAGREEMENT_COLLECTIVE_AGREEMENT
file_hcmtopmodelanalyticsglobalam_commonam_fndflexvaluespvo,HCM_COMMON_FND_FLEX_VALUES,hcmtopmodelanalyticsglobalam.commonam.fndflexvaluespvo,HCM-FULL,,,,PK_HCM_COMMON_FND_FLEX_VALUES,INC_HCM_COMMON_FND_FLEX_VALUES,IEI_HCM_COMMON_FND_FLEX_VALUES
file_hcmtopmodelanalyticsglobalam_compensationam_salarypvo,HCM_COMPENSATION_SALARY,hcmtopmodelanalyticsglobalam.compensationam.salarypvo,HCM-FULL,,,,PK_HCM_COMPENSATION_SALARY,INC_HCM_COMPENSATION_SALARY,IEI_HCM_COMPENSATION_SALARY
file_hcmtopmodelanalyticsglobalam_gradeam_gradeladderpvo,HCM_GRADE_GRADE_LADDER,hcmtopmodelanalyticsglobalam.gradeam.gradeladderpvo,HCM-FULL,,,,PK_HCM_GRADE_GRADE_LADDER,INC_HCM_GRADE_GRADE_LADDER,IEI_HCM_GRADE_GRADE_LADDER
file_hcmtopmodelanalyticsglobalam_gradeam_gradepvo,HCM_GRADE_GRADE,hcmtopmodelanalyticsglobalam.gradeam.gradepvo,HCM-FULL,,,,PK_HCM_GRADE_GRADE,INC_HCM_GRADE_GRADE,IEI_HCM_GRADE_GRADE
file_hcmtopmodelanalyticsglobalam_gradeam_gradesteppvo,HCM_GRADE_GRADE_STEP,hcmtopmodelanalyticsglobalam.gradeam.gradesteppvo,HCM-FULL,,,,PK_HCM_GRADE_GRADE_STEP,INC_HCM_GRADE_GRADE_STEP,IEI_HCM_GRADE_GRADE_STEP
file_hcmtopmodelanalyticsglobalam_gradeam_gradetranslationpvo,HCM_GRADE_GRADE_TRANSLATION,hcmtopmodelanalyticsglobalam.gradeam.gradetranslationpvo,HCM-FULL,,,,PK_HCM_GRADE_GRADE_TRANSLATION,INC_HCM_GRADE_GRADE_TRANSLATION,IEI_HCM_GRADE_GRADE_TRANSLATION
file_hcmtopmodelanalyticsglobalam_gradeam_ratepvo,HCM_GRADE_RATE,hcmtopmodelanalyticsglobalam.gradeam.ratepvo,HCM-FULL,,,,PK_HCM_GRADE_RATE,INC_HCM_GRADE_RATE,IEI_HCM_GRADE_RATE
file_hcmtopmodelanalyticsglobalam_gradeam_ratetranslationpvo,HCM_GRADE_RATE_TRANSLATION,hcmtopmodelanalyticsglobalam.gradeam.ratetranslationpvo,HCM-FULL,,,,PK_HCM_GRADE_RATE_TRANSLATION,INC_HCM_GRADE_RATE_TRANSLATION,IEI_HCM_GRADE_RATE_TRANSLATION
file_hcmtopmodelanalyticsglobalam_gradeam_ratevaluepvo,HCM_GRADE_RATE_VALUE,hcmtopmodelanalyticsglobalam.gradeam.ratevaluepvo,HCM-FULL,,,,PK_HCM_GRADE_RATE_VALUE,INC_HCM_GRADE_RATE_VALUE,IEI_HCM_GRADE_RATE_VALUE
file_hcmtopmodelanalyticsglobalam_hcmbenefitsam_covereddependentspvo,HCM_BENEFITS_COVERED_DEPENDENTS,hcmtopmodelanalyticsglobalam.hcmbenefitsam.covereddependentspvo,HCM-FULL,,,,PK_HCM_BENEFITS_COVERED_DEPENDENTS,INC_HCM_BENEFITS_COVERED_DEPENDENTS,IEI_HCM_BENEFITS_COVERED_DEPENDENTS
file_hcmtopmodelanalyticsglobalam_hcmbenefitsam_lifeeventpvo,HCM_BENEFITS_LIFE_EVENT,hcmtopmodelanalyticsglobalam.hcmbenefitsam.lifeeventpvo,HCM-FULL,,,,PK_HCM_BENEFITS_LIFE_EVENT,INC_HCM_BENEFITS_LIFE_EVENT,IEI_HCM_BENEFITS_LIFE_EVENT
file_hcmtopmodelanalyticsglobalam_hcmbenefitsam_optionpvo,HCM_BENEFITS_OPTION,hcmtopmodelanalyticsglobalam.hcmbenefitsam.optionpvo,HCM-FULL,,,,PK_HCM_BENEFITS_OPTION,INC_HCM_BENEFITS_OPTION,IEI_HCM_BENEFITS_OPTION
file_hcmtopmodelanalyticsglobalam_hcmbenefitsam_planpvo,HCM_BENEFITS_PLAN,hcmtopmodelanalyticsglobalam.hcmbenefitsam.planpvo,HCM-FULL,,,,PK_HCM_BENEFITS_PLAN,INC_HCM_BENEFITS_PLAN,IEI_HCM_BENEFITS_PLAN
file_hcmtopmodelanalyticsglobalam_hcmbenefitsam_plantypepvo,HCM_BENEFITS_PLAN_TYPE,hcmtopmodelanalyticsglobalam.hcmbenefitsam.plantypepvo,HCM-FULL,,,,PK_HCM_BENEFITS_PLAN_TYPE,INC_HCM_BENEFITS_PLAN_TYPE,IEI_HCM_BENEFITS_PLAN_TYPE
file_hcmtopmodelanalyticsglobalam_hcmbenefitsam_programpvo,HCM_BENEFITS_PROGRAM,hcmtopmodelanalyticsglobalam.hcmbenefitsam.programpvo,HCM-FULL,,,,PK_HCM_BENEFITS_PROGRAM,INC_HCM_BENEFITS_PROGRAM,IEI_HCM_BENEFITS_PROGRAM
file_hcmtopmodelanalyticsglobalam_hcmelementsetupam_elementclassificationstranslation,HCM_HCMELEMENTSETUP_ELEMENT_CLASSIFICATIONS_TRANSLATION,hcmtopmodelanalyticsglobalam.hcmelementsetupam.elementclassificationstranslation,HCM-FULL,,,,PK_HCM_HCMELEMENTSETUP_ELEMENT_CLASSIFICATIONS_TRANSLATION,INC_HCM_HCMELEMENTSETUP_ELEMENT_CLASSIFICATIONS_TRANSLATION,IEI_HCM_HCMELEMENTSETUP_ELEMENT_CLASSIFICATIONS_TRANSLATION
file_hcmtopmodelanalyticsglobalam_hcmelementsetupam_originatingelement,HCM_HCMELEMENTSETUP_ORIGINATING_ELEMENT,hcmtopmodelanalyticsglobalam.hcmelementsetupam.originatingelement,HCM-FULL,,,,PK_HCM_HCMELEMENTSETUP_ORIGINATING_ELEMENT,INC_HCM_HCMELEMENTSETUP_ORIGINATING_ELEMENT,IEI_HCM_HCMELEMENTSETUP_ORIGINATING_ELEMENT
file_hcmtopmodelanalyticsglobalam_hcmextractam_hcmpayregsbiccextractam_biassignedpayrollpvo,HCM_PAYREGS_BI_ASSIGNED_PAYROLL,hcmtopmodelanalyticsglobalam.hcmextractam.hcmpayregsbiccextractam.biassignedpayrollpvo,HCM-FULL,,,,PK_HCM_PAYREGS_BI_ASSIGNED_PAYROLL,INC_HCM_PAYREGS_BI_ASSIGNED_PAYROLL,IEI_HCM_PAYREGS_BI_ASSIGNED_PAYROLL
file_hcmtopmodelanalyticsglobalam_hcmpaycoream_timeperiodpvo,HCM_PAYCORE_TIME_PERIOD,hcmtopmodelanalyticsglobalam.hcmpaycoream.timeperiodpvo,HCM-FULL,,,,PK_HCM_PAYCORE_TIME_PERIOD,INC_HCM_PAYCORE_TIME_PERIOD,IEI_HCM_PAYCORE_TIME_PERIOD
file_hcmtopmodelanalyticsglobalam_hcmreccandidatesam_candidatepvo,HCM_RECCANDIDATES_CANDIDATE,hcmtopmodelanalyticsglobalam.hcmreccandidatesam.candidatepvo,HCM-FULL,,,,PK_HCM_RECCANDIDATES_CANDIDATE,INC_HCM_RECCANDIDATES_CANDIDATE,IEI_HCM_RECCANDIDATES_CANDIDATE
file_hcmtopmodelanalyticsglobalam_hcmrechiringoffersam_offerpvo,HCM_RECHIRINGOFFERS_OFFER,hcmtopmodelanalyticsglobalam.hcmrechiringoffersam.offerpvo,HCM-FULL,,,,PK_HCM_RECHIRINGOFFERS_OFFER,INC_HCM_RECHIRINGOFFERS_OFFER,IEI_HCM_RECHIRINGOFFERS_OFFER
file_hcmtopmodelanalyticsglobalam_hcmrechiringrequisitionam_jobrequisitionpvo,HCM_RECHIRINGREQUISITION_JOB_REQUISITION,hcmtopmodelanalyticsglobalam.hcmrechiringrequisitionam.jobrequisitionpvo,HCM-FULL,,,,PK_HCM_RECHIRINGREQUISITION_JOB_REQUISITION,INC_HCM_RECHIRINGREQUISITION_JOB_REQUISITION,IEI_HCM_RECHIRINGREQUISITION_JOB_REQUISITION
file_hcmtopmodelanalyticsglobalam_hcmrecprocesslifecycleam_processpvo,HCM_HCMRECPROCESSLIFECYCLE_PROCESS,hcmtopmodelanalyticsglobalam.hcmrecprocesslifecycleam.processpvo,HCM-FULL,,,,PK_HCM_HCMRECPROCESSLIFECYCLE_PROCESS,INC_HCM_HCMRECPROCESSLIFECYCLE_PROCESS,IEI_HCM_HCMRECPROCESSLIFECYCLE_PROCESS
file_hcmtopmodelanalyticsglobalam_hcmrecprocesslifecycleam_routingstepphasepvo,HCM_RECPROCESSLIFECYCLE_ROUTING_STEP_PHASE,hcmtopmodelanalyticsglobalam.hcmrecprocesslifecycleam.routingstepphasepvo,HCM-FULL,,,,PK_HCM_RECPROCESSLIFECYCLE_ROUTING_STEP_PHASE,INC_HCM_RECPROCESSLIFECYCLE_ROUTING_STEP_PHASE,IEI_HCM_RECPROCESSLIFECYCLE_ROUTING_STEP_PHASE
file_hcmtopmodelanalyticsglobalam_hcmrecprocesslifecycleam_routingstepstatepvo,HCM_RECPROCESSLIFECYCLE_ROUTING_STEP_STATE,hcmtopmodelanalyticsglobalam.hcmrecprocesslifecycleam.routingstepstatepvo,HCM-FULL,,,,PK_HCM_RECPROCESSLIFECYCLE_ROUTING_STEP_STATE,INC_HCM_RECPROCESSLIFECYCLE_ROUTING_STEP_STATE,IEI_HCM_RECPROCESSLIFECYCLE_ROUTING_STEP_STATE
file_hcmtopmodelanalyticsglobalam_hcmrecruitingsetupam_phasepvo,HCM_RECRUITINGSETUP_PHASE,hcmtopmodelanalyticsglobalam.hcmrecruitingsetupam.phasepvo,HCM-FULL,,,,PK_HCM_RECRUITINGSETUP_PHASE,INC_HCM_RECRUITINGSETUP_PHASE,IEI_HCM_RECRUITINGSETUP_PHASE
file_hcmtopmodelanalyticsglobalam_hcmrecruitingsetupam_statepvo,HCM_RECRUITINGSETUP_STATE,hcmtopmodelanalyticsglobalam.hcmrecruitingsetupam.statepvo,HCM-FULL,,,,PK_HCM_RECRUITINGSETUP_STATE,INC_HCM_RECRUITINGSETUP_STATE,IEI_HCM_RECRUITINGSETUP_STATE
file_hcmtopmodelanalyticsglobalam_hcmrecsubmissionsam_jobapphisteventpvo,HCM_RECSUBMISSIONS_JOB_APP_HIST_EVENT,hcmtopmodelanalyticsglobalam.hcmrecsubmissionsam.jobapphisteventpvo,HCM-FULL,,,,PK_HCM_RECSUBMISSIONS_JOB_APP_HIST_EVENT,INC_HCM_RECSUBMISSIONS_JOB_APP_HIST_EVENT,IEI_HCM_RECSUBMISSIONS_JOB_APP_HIST_EVENT
file_hcmtopmodelanalyticsglobalam_hcmrecsubmissionsam_submissionviewallpvo,HCM_RECSUBMISSIONS_SUBMISSION_VIEW_ALL,hcmtopmodelanalyticsglobalam.hcmrecsubmissionsam.submissionviewallpvo,HCM-FULL,,,,PK_HCM_RECSUBMISSIONS_SUBMISSION_VIEW_ALL,INC_HCM_RECSUBMISSIONS_SUBMISSION_VIEW_ALL,IEI_HCM_RECSUBMISSIONS_SUBMISSION_VIEW_ALL
file_hcmtopmodelanalyticsglobalam_jobam_jobextractpvo,HCM_JOB_JOB_EXTRACT,hcmtopmodelanalyticsglobalam.jobam.jobextractpvo,HCM-FULL,,,,PK_HCM_JOB_JOB_EXTRACT,INC_HCM_JOB_JOB_EXTRACT,IEI_HCM_JOB_JOB_EXTRACT
file_hcmtopmodelanalyticsglobalam_jobam_jobfamilypvo,HCM_JOB_JOB_FAMILY,hcmtopmodelanalyticsglobalam.jobam.jobfamilypvo,HCM-FULL,,,,PK_HCM_JOB_JOB_FAMILY,INC_HCM_JOB_JOB_FAMILY,IEI_HCM_JOB_JOB_FAMILY
file_hcmtopmodelanalyticsglobalam_jobam_joblegislativepvo,HCM_JOB_JOB_LEGISLATIVE,hcmtopmodelanalyticsglobalam.jobam.joblegislativepvo,HCM-FULL,,,,PK_HCM_JOB_JOB_LEGISLATIVE,INC_HCM_JOB_JOB_LEGISLATIVE,IEI_HCM_JOB_JOB_LEGISLATIVE
file_hcmtopmodelanalyticsglobalam_legislativedatagroupam_legislativedatagrouptranslationpvo,HCM_LEGISLATIVEDATAGROUP_LEGISLATIVE_DATA_GROUP_TRANSLATION,hcmtopmodelanalyticsglobalam.legislativedatagroupam.legislativedatagrouptranslationpvo,HCM-FULL,,,,PK_HCM_LEGISLATIVEDATAGROUP_LEGISLATIVE_DATA_GROUP_TRANSLATION,INC_HCM_LEGISLATIVEDATAGROUP_LEGISLATIVE_DATA_GROUP_TRANSLATION,IEI_HCM_LEGISLATIVEDATAGROUP_LEGISLATIVE_DATA_GROUP_TRANSLATION
file_hcmtopmodelanalyticsglobalam_locationam_hrlocationsbasepvoviewall,HCM_LOCATION_HR_LOCATIONS_BASE_VIEW_ALL,hcmtopmodelanalyticsglobalam.locationam.hrlocationsbasepvoviewall,HCM-FULL,,,,PK_HCM_LOCATION_HR_LOCATIONS_BASE_VIEW_ALL,INC_HCM_LOCATION_HR_LOCATIONS_BASE_VIEW_ALL,IEI_HCM_LOCATION_HR_LOCATIONS_BASE_VIEW_ALL
file_hcmtopmodelanalyticsglobalam_locationam_hrlocationspvo,HCM_LOCATION_HR_LOCATIONS,hcmtopmodelanalyticsglobalam.locationam.hrlocationspvo,HCM-FULL,,,,PK_HCM_LOCATION_HR_LOCATIONS,INC_HCM_LOCATION_HR_LOCATIONS,IEI_HCM_LOCATION_HR_LOCATIONS
file_hcmtopmodelanalyticsglobalam_locationam_locationdetailstranslationpvo,HCM_LOCATION_LOCATION_DETAILS_TRANSLATION,hcmtopmodelanalyticsglobalam.locationam.locationdetailstranslationpvo,HCM-FULL,,,,PK_HCM_LOCATION_LOCATION_DETAILS_TRANSLATION,INC_HCM_LOCATION_LOCATION_DETAILS_TRANSLATION,IEI_HCM_LOCATION_LOCATION_DETAILS_TRANSLATION
file_hcmtopmodelanalyticsglobalam_locationam_locationrefpvo,HCM_LOCATION_LOCATION_REF,hcmtopmodelanalyticsglobalam.locationam.locationrefpvo,HCM-FULL,,,,PK_HCM_LOCATION_LOCATION_REF,INC_HCM_LOCATION_LOCATION_REF,IEI_HCM_LOCATION_LOCATION_REF
file_hcmtopmodelanalyticsglobalam_organizationam_businessunitpvo,HCM_ORGANIZATION_BUSINESS_UNIT,hcmtopmodelanalyticsglobalam.organizationam.businessunitpvo,HCM-FULL,,,,PK_HCM_ORGANIZATION_BUSINESS_UNIT,INC_HCM_ORGANIZATION_BUSINESS_UNIT,IEI_HCM_ORGANIZATION_BUSINESS_UNIT
file_hcmtopmodelanalyticsglobalam_organizationam_departmentpvo,HCM_ORGANIZATION_DEPARTMENT,hcmtopmodelanalyticsglobalam.organizationam.departmentpvo,HCM-FULL,,,,PK_HCM_ORGANIZATION_DEPARTMENT,INC_HCM_ORGANIZATION_DEPARTMENT,IEI_HCM_ORGANIZATION_DEPARTMENT
file_hcmtopmodelanalyticsglobalam_organizationam_legalemployerpvo,HCM_ORGANIZATION_LEGAL_EMPLOYER,hcmtopmodelanalyticsglobalam.organizationam.legalemployerpvo,HCM-FULL,,,,PK_HCM_ORGANIZATION_LEGAL_EMPLOYER,INC_HCM_ORGANIZATION_LEGAL_EMPLOYER,IEI_HCM_ORGANIZATION_LEGAL_EMPLOYER
file_hcmtopmodelanalyticsglobalam_organizationam_organizationunittranslationpvo,HCM_ORGANIZATION_ORGANIZATION_UNIT_TRANSLATION,hcmtopmodelanalyticsglobalam.organizationam.organizationunittranslationpvo,HCM-FULL,,,,PK_HCM_ORGANIZATION_ORGANIZATION_UNIT_TRANSLATION,INC_HCM_ORGANIZATION_ORGANIZATION_UNIT_TRANSLATION,IEI_HCM_ORGANIZATION_ORGANIZATION_UNIT_TRANSLATION
file_hcmtopmodelanalyticsglobalam_organizationam_orgtreebicvo,HCM_ORGANIZATION_ORG_TREE_BI_CV_O,hcmtopmodelanalyticsglobalam.organizationam.orgtreebicvo,HCM-FULL,,,,PK_HCM_ORGANIZATION_ORG_TREE_BI_CV_O,INC_HCM_ORGANIZATION_ORG_TREE_BI_CV_O,IEI_HCM_ORGANIZATION_ORG_TREE_BI_CV_O
file_hcmtopmodelanalyticsglobalam_organizationam_unionpvo,HCM_ORGANIZATION_UNION,hcmtopmodelanalyticsglobalam.organizationam.unionpvo,HCM-FULL,,,,PK_HCM_ORGANIZATION_UNION,INC_HCM_ORGANIZATION_UNION,IEI_HCM_ORGANIZATION_UNION
file_hcmtopmodelanalyticsglobalam_personam_emailaddressespvo,HCM_PERSON_EMAIL_ADDRESSES,hcmtopmodelanalyticsglobalam.personam.emailaddressespvo,HCM-FULL,,,,PK_HCM_PERSON_EMAIL_ADDRESSES,INC_HCM_PERSON_EMAIL_ADDRESSES,IEI_HCM_PERSON_EMAIL_ADDRESSES
file_hcmtopmodelanalyticsglobalam_personam_externalidentifierpvo,HCM_PERSON_EXTERNAL_IDENTIFIER,hcmtopmodelanalyticsglobalam.personam.externalidentifierpvo,HCM-FULL,,,,PK_HCM_PERSON_EXTERNAL_IDENTIFIER,INC_HCM_PERSON_EXTERNAL_IDENTIFIER,IEI_HCM_PERSON_EXTERNAL_IDENTIFIER
file_hcmtopmodelanalyticsglobalam_personam_globalpersonforetlpvo,HCM_PERSON_GLOBAL_PERSON_FOR_ETL,hcmtopmodelanalyticsglobalam.personam.globalpersonforetlpvo,HCM-FULL,,,,PK_HCM_PERSON_GLOBAL_PERSON_FOR_ETL,INC_HCM_PERSON_GLOBAL_PERSON_FOR_ETL,IEI_HCM_PERSON_GLOBAL_PERSON_FOR_ETL
file_hcmtopmodelanalyticsglobalam_personam_personaddresspvo,HCM_PERSON_PERSON_ADDRESS,hcmtopmodelanalyticsglobalam.personam.personaddresspvo,HCM-FULL,,,,PK_HCM_PERSON_PERSON_ADDRESS,INC_HCM_PERSON_PERSON_ADDRESS,IEI_HCM_PERSON_PERSON_ADDRESS
file_hcmtopmodelanalyticsglobalam_personam_persondetailspvo,HCM_PERSON_PERSON_DETAILS,hcmtopmodelanalyticsglobalam.personam.persondetailspvo,HCM-FULL,,,,PK_HCM_PERSON_PERSON_DETAILS,INC_HCM_PERSON_PERSON_DETAILS,IEI_HCM_PERSON_PERSON_DETAILS
file_hcmtopmodelanalyticsglobalam_personam_persondisabilitypvo,HCM_PERSON_PERSON_DISABILITY,hcmtopmodelanalyticsglobalam.personam.persondisabilitypvo,HCM-FULL,,,,PK_HCM_PERSON_PERSON_DISABILITY,INC_HCM_PERSON_PERSON_DISABILITY,IEI_HCM_PERSON_PERSON_DISABILITY
file_hcmtopmodelanalyticsglobalam_personam_personethinicitypvoviewall,HCM_PERSON_PERSON_ETHINICITY_VIEW_ALL,hcmtopmodelanalyticsglobalam.personam.personethinicitypvoviewall,HCM-FULL,,,,PK_HCM_PERSON_PERSON_ETHINICITY_VIEW_ALL,INC_HCM_PERSON_PERSON_ETHINICITY_VIEW_ALL,IEI_HCM_PERSON_PERSON_ETHINICITY_VIEW_ALL
file_hcmtopmodelanalyticsglobalam_personam_personlegislativeinfopvo,HCM_PERSON_PERSON_LEGISLATIVE_INFO,hcmtopmodelanalyticsglobalam.personam.personlegislativeinfopvo,HCM-FULL,,,,PK_HCM_PERSON_PERSON_LEGISLATIVE_INFO,INC_HCM_PERSON_PERSON_LEGISLATIVE_INFO,IEI_HCM_PERSON_PERSON_LEGISLATIVE_INFO
file_hcmtopmodelanalyticsglobalam_personam_personnamebasicpvoglobalname,HCM_PERSON_PERSON_NAME_BASIC_GLOBAL_NAME,hcmtopmodelanalyticsglobalam.personam.personnamebasicpvoglobalname,HCM-FULL,,,,PK_HCM_PERSON_PERSON_NAME_BASIC_GLOBAL_NAME,INC_HCM_PERSON_PERSON_NAME_BASIC_GLOBAL_NAME,IEI_HCM_PERSON_PERSON_NAME_BASIC_GLOBAL_NAME
file_hcmtopmodelanalyticsglobalam_personam_personnationalidentifierpvo,HCM_PERSON_PERSON_NATIONAL_IDENTIFIER,hcmtopmodelanalyticsglobalam.personam.personnationalidentifierpvo,HCM-FULL,,,,PK_HCM_PERSON_PERSON_NATIONAL_IDENTIFIER,INC_HCM_PERSON_PERSON_NATIONAL_IDENTIFIER,IEI_HCM_PERSON_PERSON_NATIONAL_IDENTIFIER
file_hcmtopmodelanalyticsglobalam_personam_personpvo,HCM_PERSON_PERSON,hcmtopmodelanalyticsglobalam.personam.personpvo,HCM-FULL,,,,PK_HCM_PERSON_PERSON,INC_HCM_PERSON_PERSON,IEI_HCM_PERSON_PERSON
file_hcmtopmodelanalyticsglobalam_personam_persontypestranslationpvo,HCM_PERSON_PERSON_TYPES_TRANSLATION,hcmtopmodelanalyticsglobalam.personam.persontypestranslationpvo,HCM-FULL,,,,PK_HCM_PERSON_PERSON_TYPES_TRANSLATION,INC_HCM_PERSON_PERSON_TYPES_TRANSLATION,IEI_HCM_PERSON_PERSON_TYPES_TRANSLATION
file_hcmtopmodelanalyticsglobalam_positionam_positionpvo,HCM_POSITION_POSITION,hcmtopmodelanalyticsglobalam.positionam.positionpvo,HCM-FULL,,,,PK_HCM_POSITION_POSITION,INC_HCM_POSITION_POSITION,IEI_HCM_POSITION_POSITION
file_hcmtopmodelanalyticsglobalam_positionam_positionpvoviewall,HCM_POSITION_POSITION_VIEW_ALL,hcmtopmodelanalyticsglobalam.positionam.positionpvoviewall,HCM-FULL,,,,PK_HCM_POSITION_POSITION_VIEW_ALL,INC_HCM_POSITION_POSITION_VIEW_ALL,IEI_HCM_POSITION_POSITION_VIEW_ALL
file_hcmtopmodelanalyticsglobalam_useram_userpvo,HCM_USER_USER,hcmtopmodelanalyticsglobalam.useram.userpvo,HCM-FULL,,,,PK_HCM_USER_USER,INC_HCM_USER_USER,IEI_HCM_USER_USER
file_crmanalyticsam_analyticsserviceam_currenciespvo,CRM_CURRENCIES,crmanalyticsam.analyticsserviceam.currenciespvo,CRM-FULL,,,,PK_CRM_CURRENCIES,INC_CRM_CURRENCIES,IEI_CRM_CURRENCIES
file_crmanalyticsam_analyticsserviceam_lookupvaluespvo,CRM_LOOKUP_VALUES,crmanalyticsam.analyticsserviceam.lookupvaluespvo,CRM-FULL,,,,PK_CRM_LOOKUP_VALUES,INC_CRM_LOOKUP_VALUES,IEI_CRM_LOOKUP_VALUES
file_crmanalyticsam_analyticsserviceam_lookupvaluestlpvo,CRM_LOOKUP_VALUES_TL,crmanalyticsam.analyticsserviceam.lookupvaluestlpvo,CRM-FULL,,,,PK_CRM_LOOKUP_VALUES_TL,INC_CRM_LOOKUP_VALUES_TL,IEI_CRM_LOOKUP_VALUES_TL
file_crmanalyticsam_crmextractam_hzbiccextractam_partyextractpvo,CRM_HZ_PARTY_EXTRACT,crmanalyticsam.crmextractam.hzbiccextractam.partyextractpvo,CRM-FULL,,,,PK_CRM_HZ_PARTY_EXTRACT,INC_CRM_HZ_PARTY_EXTRACT,IEI_CRM_HZ_PARTY_EXTRACT
file_crmanalyticsam_crmextractam_okcbiccextractam_contractheaderextractpvo,CRM_OKC_CONTRACT_HEADER_EXTRACT,crmanalyticsam.crmextractam.okcbiccextractam.contractheaderextractpvo,CRM-FULL,,,,PK_CRM_OKC_CONTRACT_HEADER_EXTRACT,INC_CRM_OKC_CONTRACT_HEADER_EXTRACT,IEI_CRM_OKC_CONTRACT_HEADER_EXTRACT
file_crmanalyticsam_crmextractam_okcbiccextractam_contractlineextractpvo,CRM_OKC_CONTRACT_LINE_EXTRACT,crmanalyticsam.crmextractam.okcbiccextractam.contractlineextractpvo,CRM-FULL,,,,PK_CRM_OKC_CONTRACT_LINE_EXTRACT,INC_CRM_OKC_CONTRACT_LINE_EXTRACT,IEI_CRM_OKC_CONTRACT_LINE_EXTRACT
file_crmanalyticsam_finfunbusinessunitsam_businessunitpvo,CRM_FINFUN_BUSINESS_UNIT,crmanalyticsam.finfunbusinessunitsam.businessunitpvo,CRM-FULL,,,,PK_CRM_FINFUN_BUSINESS_UNIT,INC_CRM_FINFUN_BUSINESS_UNIT,IEI_CRM_FINFUN_BUSINESS_UNIT
file_crmanalyticsam_partiesanalyticsam_location,CRM_PARTIES_LOCATION,crmanalyticsam.partiesanalyticsam.location,CRM-FULL,,,,PK_CRM_PARTIES_LOCATION,INC_CRM_PARTIES_LOCATION,IEI_CRM_PARTIES_LOCATION
file_fscmtopmodelam_finextractam_xlabiccextractam_subledgerjournallineextractpvo,FSCM_FIN_XLA_SUBLEDGER_JOURNAL_LINE_EXTRACT,fscmtopmodelam.finextractam.xlabiccextractam.subledgerjournallineextractpvo,SLJE-FULL,,,,PK_FSCM_FIN_XLA_SUBLEDGER_JOURNAL_LINE_EXTRACT,INC_FSCM_FIN_XLA_SUBLEDGER_JOURNAL_LINE_EXTRACT,IEI_FSCM_FIN_XLA_SUBLEDGER_JOURNAL_LINE_EXTRACT
file_fscmtopmodelam_personam_globalpersonpvo,FSCM_PERSON_GLOBAL_PERSON,fscmtopmodelam.personam.globalpersonpvo,GLBL-FULL,,,,PK_FSCM_PERSON_GLOBAL_PERSON,INC_FSCM_PERSON_GLOBAL_PERSON,IEI_FSCM_PERSON_GLOBAL_PERSON
file_fscmtopmodelam_prjextractam_pjcbiccextractam_expenditureitemextractpvo,FSCM_PRJ_PJC_EXPENDITURE_ITEM_EXTRACT,fscmtopmodelam.prjextractam.pjcbiccextractam.expenditureitemextractpvo,FSC-LONG5,,,,PK_FSCM_PRJ_PJC_EXPENDITURE_ITEM_EXTRACT,INC_FSCM_PRJ_PJC_EXPENDITURE_ITEM_EXTRACT,IEI_FSCM_PRJ_PJC_EXPENDITURE_ITEM_EXTRACT
file_fscmtopmodelam_contractscoream_contracttypep,FSCM_CONTRACTSCORE_CONTRACT_TYPE_P,fscmtopmodelam.contractscoream.contracttypep,FSC-FULL,,,,PK_FSCM_CONTRACTSCORE_CONTRACT_TYPE_P,INC_FSCM_CONTRACTSCORE_CONTRACT_TYPE_P,IEI_FSCM_CONTRACTSCORE_CONTRACT_TYPE_P
file_fscmtopmodelam_contractscoream_contracttypestlp1,FSCM_CONTRACTSCORE_CONTRACT_TYPES_TLP1,fscmtopmodelam.contractscoream.contracttypestlp1,FSC-FULL,,,,PK_FSCM_CONTRACTSCORE_CONTRACT_TYPES_TLP1,INC_FSCM_CONTRACTSCORE_CONTRACT_TYPES_TLP1,IEI_FSCM_CONTRACTSCORE_CONTRACT_TYPES_TLP1
file_fscmtopmodelam_prcponpublicviewam_poncontracttypenegotiationlookuppvo,FSCM_PRC_PON_PON_CONTRACT_TYPE_NEGOTIATION_LOOKUP,fscmtopmodelam.prcponpublicviewam.poncontracttypenegotiationlookuppvo,FSC-FULL,,,,PK_FSCM_PRC_PON_PON_CONTRACT_TYPE_NEGOTIATION_LOOKUP,INC_FSCM_PRC_PON_PON_CONTRACT_TYPE_NEGOTIATION_LOOKUP,IEI_FSCM_PRC_PON_PON_CONTRACT_TYPE_NEGOTIATION_LOOKUP
file_fscmtopmodelam_pjobudgetsandforecastsanalyticsam_projectplanversionbudgetpvo,FSCM_PJO_PROJECT_PLAN_VERSION_BUDGET,fscmtopmodelam.pjobudgetsandforecastsanalyticsam.projectplanversionbudgetpvo,FSC-FULL,,,,PK_FSCM_PJO_PROJECT_PLAN_VERSION_BUDGET,INC_FSCM_PJO_PROJECT_PLAN_VERSION_BUDGET,IEI_FSCM_PJO_PROJECT_PLAN_VERSION_BUDGET
file_fscmtopmodelam_pjsprojectperformanceam_pjsactualcostsp1,FSCM_PJSPROJECTPERFORMANCE_ACTUAL_COSTS_P1,fscmtopmodelam.pjsprojectperformanceam.pjsactualcostsp1,FSC-FULL,,,,PK_FSCM_PJSPROJECTPERFORMANCE_ACTUAL_COSTS_P1,INC_FSCM_PJSPROJECTPERFORMANCE_ACTUAL_COSTS_P1,IEI_FSCM_PJSPROJECTPERFORMANCE_ACTUAL_COSTS_P1
file_fscmtopmodelam_prjextractam_pjobiccextractam_planningoptionextractp1,FSCM_PRJ_PJO_PLANNING_OPTION_EXTRACT_P1,fscmtopmodelam.prjextractam.pjobiccextractam.planningoptionextractp1,FSC-FULL,,,,PK_FSCM_PRJ_PJO_PLANNING_OPTION_EXTRACT_P1,INC_FSCM_PRJ_PJO_PLANNING_OPTION_EXTRACT_P1,IEI_FSCM_PRJ_PJO_PLANNING_OPTION_EXTRACT_P1
file_fscmtopmodelam_prjextractam_pjcbiccextractam_laborcostdistributionextractpvo,FSCM_PRJ_PJC_LABOR_COST_DISTRIBUTION_EXTRACT,fscmtopmodelam.prjextractam.pjcbiccextractam.laborcostdistributionextractpvo,FSC-FULL,,,,PK_FSCM_PRJ_PJC_LABOR_COST_DISTRIBUTION_EXTRACT,INC_FSCM_PRJ_PJC_LABOR_COST_DISTRIBUTION_EXTRACT,IEI_FSCM_PRJ_PJC_LABOR_COST_DISTRIBUTION_EXTRACT
file_fscmtopmodelam_prjextractam_pjbbiccextractam_invoicedistributionextractpvo,FSCM_PRJ_PJB_INVOICE_DISTRIBUTION_EXTRACT,fscmtopmodelam.prjextractam.pjbbiccextractam.invoicedistributionextractpvo,FSC-FULL,,,,PK_FSCM_PRJ_PJB_INVOICE_DISTRIBUTION_EXTRACT,INC_FSCM_PRJ_PJB_INVOICE_DISTRIBUTION_EXTRACT,IEI_FSCM_PRJ_PJB_INVOICE_DISTRIBUTION_EXTRACT
file_fscmtopmodelam_prjextractam_pjcbiccextractam_projectexpenditurecommentsextractpvo,FSCM_PRJ_PJC_PROJECT_EXPENDITURE_COMMENTS_EXTRACT,fscmtopmodelam.prjextractam.pjcbiccextractam.projectexpenditurecommentsextractpvo,FSC-FULL,,,,PK_FSCM_PRJ_PJC_PROJECT_EXPENDITURE_COMMENTS_EXTRACT,INC_FSCM_PRJ_PJC_PROJECT_EXPENDITURE_COMMENTS_EXTRACT,IEI_FSCM_PRJ_PJC_PROJECT_EXPENDITURE_COMMENTS_EXTRACT
file_fscmtopmodelam_prjextractam_gmsbiccextractam_awardfundingsourceextractpvo,FSCM_PRJ_GMS_AWARD_FUNDING_SOURCE_EXTRACT,fscmtopmodelam.prjextractam.gmsbiccextractam.awardfundingsourceextractpvo,FSC-FULL,,,,PK_FSCM_PRJ_GMS_AWARD_FUNDING_SOURCE_EXTRACT,INC_FSCM_PRJ_GMS_AWARD_FUNDING_SOURCE_EXTRACT,IEI_FSCM_PRJ_GMS_AWARD_FUNDING_SOURCE_EXTRACT
file_hcmtopmodelanalyticsglobalam_baseworkerasgdffbiam_flex_bi_baseworkerasgdff_vi,HCM_BASEWORKER_FLEX_BI_BASE_WORKER_ASG_DFF_VI,hcmtopmodelanalyticsglobalam.baseworkerasgdffbiam.flex_bi_baseworkerasgdff_vi,HCM-FULL,,,,PK_HCM_BASEWORKER_FLEX_BI_BASE_WORKER_ASG_DFF_VI,INC_HCM_BASEWORKER_FLEX_BI_BASE_WORKER_ASG_DFF_VI,IEI_HCM_BASEWORKER_FLEX_BI_BASE_WORKER_ASG_DFF_VI
file_fscmtopmodelam_finextractam_glbiccextractam_journalbatchextractpvo,FSCM_FIN_GL_JOURNAL_BATCH_EXTRACT,fscmtopmodelam.finextractam.glbiccextractam.journalbatchextractpvo,FSC-FULL,,,,PK_FSCM_FIN_GL_JOURNAL_BATCH_EXTRACT,INC_FSCM_FIN_GL_JOURNAL_BATCH_EXTRACT,IEI_FSCM_FIN_GL_JOURNAL_BATCH_EXTRACT
file_fscmtopmodelam_finexmentrysharedam_expensereporthistorypvo,FSCM_FINEXMENTRYSHARED_EXPENSE_REPORT_HISTORY,fscmtopmodelam.finexmentrysharedam.expensereporthistorypvo,FSC-FULL,,,,PK_FSCM_FINEXMENTRYSHARED_EXPENSE_REPORT_HISTORY,INC_FSCM_FINEXMENTRYSHARED_EXPENSE_REPORT_HISTORY,IEI_FSCM_FINEXMENTRYSHARED_EXPENSE_REPORT_HISTORY
file_fscmtopmodelam_prcpopublicviewam_requisitionactionhistorypvo,FSCM_PRCPOPUBLICVIEW_REQUISTION_ACTION_HISTORY,fscmtopmodelam.prcpopublicviewam.requisitionactionhistorypvo,FSC-FULL,,,,PK_FSCM_PRCPOPUBLICVIEW_REQUISTION_ACTION_HISTORY,INC_FSCM_PRCPOPUBLICVIEW_REQUISTION_ACTION_HISTORY,IEI_FSCM_PRCPOPUBLICVIEW_REQUISTION_ACTION_HISTORY
file_fscmtopmodelam_polinedffpublicbiam_flex_bi_polinedffpublic_vi,FSCM_POLINEDFFPUBLICBI_FLEX_BI_PO_LINE_DFF_PUBLIC_VI,fscmtopmodelam.polinedffpublicbiam.flex_bi_polinedffpublic_vi,FSC-FULL,,,,PK_FSCM_POLINEDFFPUBLICBI_FLEX_BI_PO_LINE_DFF_PUBLIC_VI,INC_FSCM_POLINEDFFPUBLICBI_FLEX_BI_PO_LINE_DFF_PUBLIC_VI,IEI_FSCM_POLINEDFFPUBLICBI_FLEX_BI_PO_LINE_DFF_PUBLIC_VI
file_fscmtopmodelam_finglprogramjrnlimportam_journalimportreferencepvo,FSCM_FIN_GL_JOURNAL_IMPORT_REFERENCE_EXTRACT,fscmtopmodelam.finglprogramjrnlimportam.journalimportreferencepvo,FSC-LONG3,,,,PK_FSCM_FIN_GL_JOURNAL_IMPORT_REFERENCE_EXTRACT,INC_FSCM_FIN_GL_JOURNAL_IMPORT_REFERENCE_EXTRACT,IEI_FSCM_FIN_GL_JOURNAL_IMPORT_REFERENCE_EXTRACT